"RT","ISI","Trial","Participant","Session","Threshold","MedianComputed","Feedback","Feedback_N_Positive","Feedback_N_Negative"
0.517,1638,1,"S002","S1",NA,517,"Positive",0,0
0.433,2282,2,"S002","S1",475,475,"Positive",1,0
0.533,739,3,"S002","S1",494,494,"Positive",2,0
0.35,602,4,"S002","S1",458,458,"Positive",3,0
0.517,1951,5,"S002","S1",470,470,"Positive",4,0
0.383,952,6,"S002","S1",456,456,"Positive",5,0
0.383,875,7,"S002","S1",445,445,"Positive",6,0
0.417,2662,8,"S002","S1",442,442,"Positive",7,0
0.367,2800,9,"S002","S1",433,433,"Positive",8,0
0.417,258,10,"S002","S1",432,432,"Positive",9,0
0.317,2285,11,"S002","S1",421,421,"Positive",10,0
0.3,1765,12,"S002","S1",411,411,"Positive",11,0
0.3,1699,13,"S002","S1",403,403,"Positive",12,0
0.35,260,14,"S002","S1",399,399,"Positive",13,0
0.283,2466,15,"S002","S1",391,391,"Positive",14,0
0.333,394,16,"S002","S1",387,387,"Positive",15,0
0.333,418,17,"S002","S1",384,384,"Positive",16,0
0.283,910,18,"S002","S1",379,379,"Positive",17,0
0.283,3128,19,"S002","S1",374,374,"Positive",18,0
0.35,425,20,"S002","S1",372,372,"Positive",19,0
0.317,174,21,"S002","S1",370,370,"Positive",20,0
0.3,3402,22,"S002","S1",367,367,"Positive",21,0
0.316,3084,23,"S002","S1",364,364,"Positive",22,0
0.333,3465,24,"S002","S1",363,363,"Positive",23,0
0.333,2473,25,"S002","S1",362,362,"Positive",24,0
0.35,448,26,"S002","S1",361,361,"Positive",25,0
0.317,150,27,"S002","S1",360,360,"Positive",26,0
0.317,1759,28,"S002","S1",358,358,"Positive",27,0
0.333,246,29,"S002","S1",357,357,"Positive",28,0
0.283,866,30,"S002","S1",355,355,"Positive",29,0
0.317,1123,31,"S002","S1",354,354,"Positive",30,0
0.283,3132,32,"S002","S1",352,352,"Positive",31,0
0.3,2765,33,"S002","S1",350,350,"Positive",32,0
0.367,1110,34,"S002","S1",350,350,"Positive",33,0
0.333,1628,35,"S002","S1",350,350,"Positive",34,0
0.283,3467,36,"S002","S1",348,348,"Positive",35,0
0.25,3284,37,"S002","S1",345,345,"Positive",36,0
0.283,1580,38,"S002","S1",344,344,"Positive",37,0
0.267,1356,39,"S002","S1",342,342,"Positive",38,0
0.3,102,40,"S002","S1",341,341,"Positive",39,0
0.283,2111,41,"S002","S1",339,339,"Positive",40,0
0.3,1957,42,"S002","S1",338,338,"Positive",41,0
0.317,1760,43,"S002","S1",338,338,"Positive",42,0
0.317,1163,44,"S002","S1",337,337,"Positive",43,0
0.333,1087,45,"S002","S1",337,337,"Positive",44,0
0.283,1686,46,"S002","S1",336,336,"Positive",45,0
0.267,2817,47,"S002","S1",335,335,"Positive",46,0
0.3,1264,48,"S002","S1",334,334,"Positive",47,0
0.317,3327,49,"S002","S1",334,334,"Positive",48,0
0.283,2353,50,"S002","S1",333,333,"Positive",49,0
0.267,2482,51,"S002","S1",331,331,"Positive",50,0
0.35,856,52,"S002","S1",332,332,"Positive",51,0
0.317,201,53,"S002","S1",331,331,"Positive",52,0
0.266,1364,54,"S002","S1",330,330,"Positive",53,0
0.25,2388,55,"S002","S1",329,329,"Positive",54,0
0.417,269,56,"S002","S1",330,330,"Positive",55,0
0.283,954,57,"S002","S1",330,330,"Positive",56,0
0.283,3117,58,"S002","S1",329,329,"Positive",57,0
0.317,709,59,"S002","S1",329,329,"Positive",58,0
0.267,1790,60,"S002","S1",327,327,"Positive",59,0
0.25,1880,61,"S002","S1",326,326,"Positive",60,0
0.267,3047,62,"S002","S1",325,325,"Positive",61,0
0.316,650,63,"S002","S1",325,325,"Positive",62,0
0.25,2288,64,"S002","S1",324,324,"Positive",63,0
0.267,3187,65,"S002","S1",323,323,"Positive",64,0
0.266,3203,66,"S002","S1",322,322,"Positive",65,0
0.317,968,67,"S002","S1",322,322,"Positive",66,0
0.267,2298,68,"S002","S1",321,321,"Positive",67,0
0.367,1295,69,"S002","S1",322,322,"Positive",68,0
0.233,1881,70,"S002","S1",321,321,"Positive",69,0
0.317,998,71,"S002","S1",321,321,"Positive",70,0
0.583,163,72,"S002","S1",324,324,"Positive",71,0
0.333,370,73,"S002","S1",324,324,"Positive",72,0
0.3,408,74,"S002","S1",324,324,"Positive",73,0
0.267,1474,75,"S002","S1",323,323,"Positive",74,0
0.267,2105,76,"S002","S1",323,323,"Positive",75,0
0.317,458,77,"S002","S1",322,322,"Positive",76,0
0.284,3415,78,"S002","S1",322,322,"Positive",77,0
0.383,1373,79,"S002","S1",323,323,"Positive",78,0
0.35,1970,80,"S002","S1",323,323,"Positive",79,0
0.25,1865,81,"S002","S1",322,322,"Positive",80,0
0.267,1012,82,"S002","S1",322,322,"Positive",81,0
0.317,525,83,"S002","S1",321,321,"Positive",82,0
0.283,262,84,"S002","S1",321,321,"Positive",83,0
0.267,2370,85,"S002","S1",320,320,"Positive",84,0
0.35,148,86,"S002","S1",321,321,"Positive",85,0
0.3,660,87,"S002","S1",320,320,"Positive",86,0
0.267,2565,88,"S002","S1",320,320,"Positive",87,0
0.25,1355,89,"S002","S1",319,319,"Positive",88,0
0.267,2785,90,"S002","S1",319,319,"Positive",89,0
0.317,1327,91,"S002","S1",318,318,"Positive",90,0
0.3,3224,92,"S002","S1",318,318,"Positive",91,0
0.3,1656,93,"S002","S1",318,318,"Positive",92,0
0.25,1350,94,"S002","S1",317,317,"Positive",93,0
0.25,1953,95,"S002","S1",317,317,"Positive",94,0
0.283,608,96,"S002","S1",316,316,"Positive",95,0
0.267,601,97,"S002","S1",316,316,"Positive",96,0
0.267,1127,98,"S002","S1",315,315,"Positive",97,0
0.333,2807,99,"S002","S1",315,315,"Positive",98,0
0.283,1434,100,"S002","S1",315,315,"Positive",99,0
0.283,3014,101,"S002","S1",315,315,"Positive",100,0
0.283,2107,102,"S002","S1",315,315,"Positive",101,0
0.317,3226,103,"S002","S1",315,315,"Positive",102,0
0.267,2715,104,"S002","S1",314,314,"Positive",103,0
0.283,1888,105,"S002","S1",314,314,"Positive",104,0
0.267,3372,106,"S002","S1",313,313,"Positive",105,0
0.283,2735,107,"S002","S1",313,313,"Positive",106,0
0.367,1249,108,"S002","S1",314,314,"Positive",107,0
0.333,3327,109,"S002","S1",314,314,"Positive",108,0
0.333,347,110,"S002","S1",314,314,"Positive",109,0
0.283,3156,111,"S002","S1",314,314,"Positive",110,0
0.3,1280,112,"S002","S1",314,314,"Positive",111,0
0.25,2496,113,"S002","S1",313,313,"Positive",112,0
0.283,653,114,"S002","S1",313,313,"Positive",113,0
0.267,902,115,"S002","S1",312,312,"Positive",114,0
0.25,835,116,"S002","S1",312,312,"Positive",115,0
0.267,1696,117,"S002","S1",311,311,"Positive",116,0
0.283,521,118,"S002","S1",311,311,"Positive",117,0
0.283,1170,119,"S002","S1",311,311,"Positive",118,0
0.283,987,120,"S002","S1",311,311,"Positive",119,0
0.35,881,1,"S002","S2",NA,350,"Positive",0,0
0.25,1483,2,"S002","S2",300,300,"Positive",1,0
0.333,639,3,"S002","S2",311,311,"Positive",2,0
0.283,1325,4,"S002","S2",304,304,"Positive",3,0
0.267,3397,5,"S002","S2",297,297,"Positive",4,0
0.333,2845,6,"S002","S2",303,303,"Positive",5,0
0.267,2184,7,"S002","S2",298,298,"Positive",6,0
0.283,1241,8,"S002","S2",296,296,"Positive",7,0
0.25,3114,9,"S002","S2",291,291,"Positive",8,0
0.4,122,10,"S002","S2",302,302,"Positive",9,0
0.35,173,11,"S002","S2",306,306,"Positive",10,0
0.267,2079,12,"S002","S2",303,303,"Positive",11,0
0.3,309,13,"S002","S2",303,303,"Positive",12,0
0.283,3201,14,"S002","S2",301,301,"Positive",13,0
0.25,1959,15,"S002","S2",298,298,"Positive",14,0
0.267,1088,16,"S002","S2",296,296,"Positive",15,0
0.25,1935,17,"S002","S2",293,293,"Positive",16,0
0.267,1274,18,"S002","S2",292,292,"Positive",17,0
0.3,166,19,"S002","S2",292,292,"Positive",18,0
0.267,866,20,"S002","S2",291,291,"Positive",19,0
0.283,184,21,"S002","S2",291,291,"Positive",20,0
0.317,732,22,"S002","S2",292,292,"Positive",21,0
0.266,554,23,"S002","S2",291,291,"Positive",22,0
0.267,266,24,"S002","S2",290,290,"Positive",23,0
0.283,1810,25,"S002","S2",289,289,"Positive",24,0
0.283,1065,26,"S002","S2",289,289,"Positive",25,0
0.267,2992,27,"S002","S2",288,288,"Positive",26,0
0.283,795,28,"S002","S2",288,288,"Positive",27,0
0.317,281,29,"S002","S2",289,289,"Positive",28,0
0.25,2103,30,"S002","S2",288,288,"Positive",29,0
0.283,1428,31,"S002","S2",288,288,"Positive",30,0
0.267,2362,32,"S002","S2",287,287,"Positive",31,0
0.25,1648,33,"S002","S2",286,286,"Positive",32,0
0.267,1575,34,"S002","S2",285,285,"Positive",33,0
0.267,3233,35,"S002","S2",285,285,"Positive",34,0
0.267,2079,36,"S002","S2",284,284,"Positive",35,0
0.25,3127,37,"S002","S2",283,283,"Positive",36,0
0.317,2466,38,"S002","S2",284,284,"Positive",37,0
0.35,305,39,"S002","S2",286,286,"Positive",38,0
0.25,697,40,"S002","S2",285,285,"Positive",39,0
0.267,635,41,"S002","S2",285,285,"Positive",40,0
0.267,3115,42,"S002","S2",284,284,"Positive",41,0
0.267,628,43,"S002","S2",284,284,"Positive",42,0
0.283,2763,44,"S002","S2",284,284,"Positive",43,0
0.317,825,45,"S002","S2",284,284,"Positive",44,0
0.283,1150,46,"S002","S2",284,284,"Positive",45,0
0.283,684,47,"S002","S2",284,284,"Positive",46,0
0.267,1219,48,"S002","S2",284,284,"Positive",47,0
0.283,225,49,"S002","S2",284,284,"Positive",48,0
0.25,2058,50,"S002","S2",283,283,"Positive",49,0
0.266,831,51,"S002","S2",283,283,"Positive",50,0
0.25,2418,52,"S002","S2",282,282,"Positive",51,0
0.333,266,53,"S002","S2",283,283,"Positive",52,0
0.3,501,54,"S002","S2",284,284,"Positive",53,0
0.266,1843,55,"S002","S2",283,283,"Positive",54,0
0.267,2336,56,"S002","S2",283,283,"Positive",55,0
0.3,1956,57,"S002","S2",283,283,"Positive",56,0
0.317,120,58,"S002","S2",284,284,"Positive",57,0
0.25,2251,59,"S002","S2",283,283,"Positive",58,0
0.267,1888,60,"S002","S2",283,283,"Positive",59,0
0.266,1029,61,"S002","S2",283,283,"Positive",60,0
0.283,2568,62,"S002","S2",283,283,"Positive",61,0
0.283,955,63,"S002","S2",283,283,"Positive",62,0
0.267,1711,64,"S002","S2",283,283,"Positive",63,0
0.266,1677,65,"S002","S2",282,282,"Positive",64,0
0.283,1993,66,"S002","S2",282,282,"Positive",65,0
0.317,105,67,"S002","S2",283,283,"Positive",66,0
0.267,1570,68,"S002","S2",283,283,"Positive",67,0
0.267,1659,69,"S002","S2",282,282,"Positive",68,0
0.283,847,70,"S002","S2",282,282,"Positive",69,0
0.284,2251,71,"S002","S2",282,282,"Positive",70,0
0.267,3412,72,"S002","S2",282,282,"Positive",71,0
0.267,3153,73,"S002","S2",282,282,"Positive",72,0
0.367,479,74,"S002","S2",283,283,"Positive",73,0
0.267,1261,75,"S002","S2",283,283,"Positive",74,0
0.283,1004,76,"S002","S2",283,283,"Positive",75,0
0.25,615,77,"S002","S2",282,282,"Positive",76,0
0.284,1586,78,"S002","S2",282,282,"Positive",77,0
0.284,2027,79,"S002","S2",282,282,"Positive",78,0
0.317,2098,80,"S002","S2",283,283,"Positive",79,0
0.25,2220,81,"S002","S2",283,283,"Positive",80,0
0.25,1963,82,"S002","S2",282,282,"Positive",81,0
0.25,2758,83,"S002","S2",282,282,"Positive",82,0
0.383,643,84,"S002","S2",283,283,"Positive",83,0
0.283,3383,85,"S002","S2",283,283,"Positive",84,0
0.267,2310,86,"S002","S2",283,283,"Positive",85,0
0.283,1102,87,"S002","S2",283,283,"Positive",86,0
0.233,2237,88,"S002","S2",282,282,"Positive",87,0
0.267,2084,89,"S002","S2",282,282,"Positive",88,0
0.333,430,90,"S002","S2",283,283,"Positive",89,0
0.25,2272,91,"S002","S2",282,282,"Positive",90,0
0.233,2246,92,"S002","S2",282,282,"Positive",91,0
0.25,2622,93,"S002","S2",281,281,"Positive",92,0
0.284,2554,94,"S002","S2",281,281,"Positive",93,0
0.317,1073,95,"S002","S2",282,282,"Positive",94,0
0.333,154,96,"S002","S2",282,282,"Positive",95,0
0.267,2792,97,"S002","S2",282,282,"Positive",96,0
0.267,3397,98,"S002","S2",282,282,"Positive",97,0
0.483,2347,99,"S002","S2",284,284,"Positive",98,0
0.283,2080,100,"S002","S2",284,284,"Positive",99,0
0.25,2885,101,"S002","S2",284,284,"Positive",100,0
0.25,2501,102,"S002","S2",283,283,"Positive",101,0
0.283,1535,103,"S002","S2",283,283,"Positive",102,0
0.267,1951,104,"S002","S2",283,283,"Positive",103,0
0.267,1255,105,"S002","S2",283,283,"Positive",104,0
0.25,3114,106,"S002","S2",283,283,"Positive",105,0
0.35,338,107,"S002","S2",283,283,"Positive",106,0
0.267,1553,108,"S002","S2",283,283,"Positive",107,0
0.267,2243,109,"S002","S2",283,283,"Positive",108,0
0.267,3347,110,"S002","S2",283,283,"Positive",109,0
0.267,2169,111,"S002","S2",283,283,"Positive",110,0
0.383,123,112,"S002","S2",284,284,"Positive",111,0
0.283,1549,113,"S002","S2",284,284,"Positive",112,0
0.267,2923,114,"S002","S2",283,283,"Positive",113,0
0.283,2663,115,"S002","S2",283,283,"Positive",114,0
0.25,2954,116,"S002","S2",283,283,"Positive",115,0
0.283,2747,117,"S002","S2",283,283,"Positive",116,0
0.3,1711,118,"S002","S2",283,283,"Positive",117,0
0.25,3460,119,"S002","S2",283,283,"Positive",118,0
0.283,3321,120,"S002","S2",283,283,"Positive",119,0
0.45,1297,1,"S001","S1",NA,450,"Positive",0,0
0.467,2543,2,"S001","S1",458,458,"Positive",1,0
0.4,2345,3,"S001","S1",439,439,"Positive",2,0
0.35,3032,4,"S001","S1",417,417,"Positive",3,0
0.3,1414,5,"S001","S1",393,393,"Positive",4,0
0.3,2210,6,"S001","S1",378,378,"Positive",5,0
0.367,978,7,"S001","S1",376,376,"Positive",6,0
0.283,2123,8,"S001","S1",365,365,"Positive",7,0
0.283,3328,9,"S001","S1",356,356,"Positive",8,0
0.317,2503,10,"S001","S1",352,352,"Positive",9,0
0.3,3350,11,"S001","S1",347,347,"Positive",10,0
0.467,586,12,"S001","S1",357,357,"Positive",11,0
0.317,2699,13,"S001","S1",354,354,"Positive",12,0
0.3,3213,14,"S001","S1",350,350,"Positive",13,0
0.333,763,15,"S001","S1",349,349,"Positive",14,0
0.317,1937,16,"S001","S1",347,347,"Positive",15,0
0.334,3346,17,"S001","S1",346,346,"Positive",16,0
0.267,2607,18,"S001","S1",342,342,"Positive",17,0
0.483,228,19,"S001","S1",349,349,"Positive",18,0
0.367,1019,20,"S001","S1",350,350,"Positive",19,0
0.3,2815,21,"S001","S1",348,348,"Positive",20,0
0.3,1134,22,"S001","S1",346,346,"Positive",21,0
0.283,569,23,"S001","S1",343,343,"Positive",22,0
0.267,737,24,"S001","S1",340,340,"Positive",23,0
0.25,3088,25,"S001","S1",336,336,"Positive",24,0
0.367,1123,26,"S001","S1",337,337,"Positive",25,0
0.267,2992,27,"S001","S1",335,335,"Positive",26,0
0.317,2521,28,"S001","S1",334,334,"Positive",27,0
0.283,1557,29,"S001","S1",332,332,"Positive",28,0
0.283,2864,30,"S001","S1",331,331,"Positive",29,0
0.3,2153,31,"S001","S1",330,330,"Positive",30,0
0.283,2363,32,"S001","S1",328,328,"Positive",31,0
0.3,3184,33,"S001","S1",327,327,"Positive",32,0
0.3,593,34,"S001","S1",327,327,"Positive",33,0
0.283,1499,35,"S001","S1",325,325,"Positive",34,0
0.283,2339,36,"S001","S1",324,324,"Positive",35,0
0.35,3154,37,"S001","S1",325,325,"Positive",36,0
0.317,2868,38,"S001","S1",325,325,"Positive",37,0
0.333,680,39,"S001","S1",325,325,"Positive",38,0
0.383,3416,40,"S001","S1",326,326,"Positive",39,0
0.3,1431,41,"S001","S1",326,326,"Positive",40,0
0.3,1222,42,"S001","S1",325,325,"Positive",41,0
0.283,1481,43,"S001","S1",324,324,"Positive",42,0
0.283,2236,44,"S001","S1",323,323,"Positive",43,0
0.283,1474,45,"S001","S1",322,322,"Positive",44,0
0.267,3017,46,"S001","S1",321,321,"Positive",45,0
0.283,3476,47,"S001","S1",320,320,"Positive",46,0
0.4,477,48,"S001","S1",322,322,"Positive",47,0
0.317,1461,49,"S001","S1",322,322,"Positive",48,0
0.3,2249,50,"S001","S1",321,321,"Positive",49,0
0.383,421,51,"S001","S1",323,323,"Positive",50,0
0.283,1289,52,"S001","S1",322,322,"Positive",51,0
0.3,2518,53,"S001","S1",321,321,"Positive",52,0
0.283,2432,54,"S001","S1",321,321,"Positive",53,0
0.266,2805,55,"S001","S1",320,320,"Positive",54,0
0.283,1930,56,"S001","S1",319,319,"Positive",55,0
0.367,912,57,"S001","S1",320,320,"Positive",56,0
0.3,2749,58,"S001","S1",320,320,"Positive",57,0
0.333,2519,59,"S001","S1",320,320,"Positive",58,0
0.317,2185,60,"S001","S1",320,320,"Positive",59,0
0.317,2511,61,"S001","S1",320,320,"Positive",60,0
0.333,2621,62,"S001","S1",320,320,"Positive",61,0
0.333,313,63,"S001","S1",320,320,"Positive",62,0
0.3,2191,64,"S001","S1",320,320,"Positive",63,0
0.317,2741,65,"S001","S1",320,320,"Positive",64,0
0.3,2755,66,"S001","S1",319,319,"Positive",65,0
0.333,1421,67,"S001","S1",320,320,"Positive",66,0
0.45,1510,68,"S001","S1",322,322,"Positive",67,0
0.317,844,69,"S001","S1",322,322,"Positive",68,0
0.317,517,70,"S001","S1",321,321,"Positive",69,0
0.283,3195,71,"S001","S1",321,321,"Positive",70,0
0.35,2426,72,"S001","S1",321,321,"Positive",71,0
0.267,3168,73,"S001","S1",321,321,"Positive",72,0
0.3,2172,74,"S001","S1",320,320,"Positive",73,0
0.333,2367,75,"S001","S1",320,320,"Positive",74,0
0.333,929,77,"S001","S1",318,318,"Positive",76,0
0.384,1445,78,"S001","S1",318,318,"Positive",77,0
0.317,1179,79,"S001","S1",318,318,"Positive",78,0
0.3,1081,80,"S001","S1",318,318,"Positive",79,0
0.283,1525,81,"S001","S1",318,318,"Positive",80,0
0.3,2559,82,"S001","S1",317,317,"Positive",81,0
0.317,1549,83,"S001","S1",317,317,"Positive",82,0
0.317,1055,84,"S001","S1",317,317,"Positive",83,0
0.433,302,85,"S001","S1",319,319,"Positive",84,0
0.3,2258,86,"S001","S1",319,319,"Positive",85,0
0.317,1216,87,"S001","S1",319,319,"Positive",86,0
0.283,1857,88,"S001","S1",318,318,"Positive",87,0
0.284,3082,89,"S001","S1",318,318,"Positive",88,0
0.333,689,90,"S001","S1",318,318,"Positive",89,0
0.267,1349,91,"S001","S1",317,317,"Positive",90,0
0.283,1872,92,"S001","S1",317,317,"Positive",91,0
0.283,3125,93,"S001","S1",317,317,"Positive",92,0
0.333,727,94,"S001","S1",317,317,"Positive",93,0
0.3,3202,95,"S001","S1",317,317,"Positive",94,0
0.383,708,96,"S001","S1",317,317,"Positive",95,0
0.45,527,97,"S001","S1",319,319,"Positive",96,0
0.35,374,98,"S001","S1",319,319,"Positive",97,0
0.3,2675,99,"S001","S1",319,319,"Positive",98,0
0.35,111,100,"S001","S1",319,319,"Positive",99,0
0.367,2176,101,"S001","S1",320,320,"Positive",100,0
0.3,610,102,"S001","S1",319,319,"Positive",101,0
0.3,2155,103,"S001","S1",319,319,"Positive",102,0
0.3,628,104,"S001","S1",319,319,"Positive",103,0
0.3,941,105,"S001","S1",319,319,"Positive",104,0
0.267,2149,106,"S001","S1",318,318,"Positive",105,0
0.267,1036,107,"S001","S1",318,318,"Positive",106,0
0.267,1147,108,"S001","S1",317,317,"Positive",107,0
0.267,670,109,"S001","S1",317,317,"Positive",108,0
0.283,1344,110,"S001","S1",317,317,"Positive",109,0
0.3,834,111,"S001","S1",317,317,"Positive",110,0
0.317,551,112,"S001","S1",317,317,"Positive",111,0
0.283,852,113,"S001","S1",316,316,"Positive",112,0
0.333,124,114,"S001","S1",316,316,"Positive",113,0
0.367,323,115,"S001","S1",317,317,"Positive",114,0
0.317,3096,116,"S001","S1",317,317,"Positive",115,0
0.3,1280,117,"S001","S1",317,317,"Positive",116,0
0.3,1547,118,"S001","S1",317,317,"Positive",117,0
0.3,2193,119,"S001","S1",316,316,"Positive",118,0
0.317,448,120,"S001","S1",316,316,"Positive",119,0
0.317,1150,1,"S001","S2",NA,317,"Positive",0,0
0.3,557,2,"S001","S2",308,308,"Positive",1,0
0.3,3454,3,"S001","S2",305,305,"Positive",2,0
0.284,3417,4,"S001","S2",300,300,"Positive",3,0
0.3,368,5,"S001","S2",300,300,"Positive",4,0
0.4,498,6,"S001","S2",317,317,"Positive",5,0
0.3,1577,7,"S001","S2",314,314,"Positive",6,0
0.283,2665,8,"S001","S2",310,310,"Positive",7,0
0.283,1668,9,"S001","S2",307,307,"Positive",8,0
0.267,2776,10,"S001","S2",303,303,"Positive",9,0
0.283,1410,11,"S001","S2",302,302,"Positive",10,0
0.267,3065,12,"S001","S2",299,299,"Positive",11,0
0.3,3457,13,"S001","S2",299,299,"Positive",12,0
0.283,2563,14,"S001","S2",298,298,"Positive",13,0
0.3,2980,15,"S001","S2",298,298,"Positive",14,0
0.283,2275,16,"S001","S2",297,297,"Positive",15,0
0.35,774,17,"S001","S2",300,300,"Positive",16,0
0.3,3150,18,"S001","S2",300,300,"Positive",17,0
0.333,538,19,"S001","S2",302,302,"Positive",18,0
0.283,3482,20,"S001","S2",301,301,"Positive",19,0
0.3,1803,21,"S001","S2",301,301,"Positive",20,0
0.3,1928,22,"S001","S2",301,301,"Positive",21,0
0.317,1156,23,"S001","S2",301,301,"Positive",22,0
0.333,1408,24,"S001","S2",303,303,"Positive",23,0
0.317,2551,25,"S001","S2",303,303,"Positive",24,0
0.284,2986,26,"S001","S2",303,303,"Positive",25,0
0.316,710,27,"S001","S2",303,303,"Positive",26,0
0.317,1109,28,"S001","S2",304,304,"Positive",27,0
0.267,2701,29,"S001","S2",302,302,"Positive",28,0
0.283,1993,30,"S001","S2",302,302,"Positive",29,0
0.317,2470,31,"S001","S2",302,302,"Positive",30,0
0.333,794,32,"S001","S2",303,303,"Positive",31,0
0.366,317,33,"S001","S2",305,305,"Positive",32,0
0.317,250,34,"S001","S2",305,305,"Positive",33,0
0.3,200,35,"S001","S2",305,305,"Positive",34,0
0.333,1104,36,"S001","S2",306,306,"Positive",35,0
0.333,123,37,"S001","S2",307,307,"Positive",36,0
0.317,2229,38,"S001","S2",307,307,"Positive",37,0
0.267,2307,39,"S001","S2",306,306,"Positive",38,0
0.367,204,40,"S001","S2",307,307,"Positive",39,0
0.3,2865,41,"S001","S2",307,307,"Positive",40,0
0.267,2825,42,"S001","S2",306,306,"Positive",41,0
0.317,3167,43,"S001","S2",307,307,"Positive",42,0
0.333,376,44,"S001","S2",307,307,"Positive",43,0
0.3,2827,45,"S001","S2",307,307,"Positive",44,0
0.283,2338,46,"S001","S2",307,307,"Positive",45,0
0.417,1227,47,"S001","S2",309,309,"Positive",46,0
0.283,962,48,"S001","S2",308,308,"Positive",47,0
0.4,275,49,"S001","S2",310,310,"Positive",48,0
0.35,1301,50,"S001","S2",311,311,"Positive",49,0
0.3,389,51,"S001","S2",311,311,"Positive",50,0
0.283,3364,52,"S001","S2",310,310,"Positive",51,0
0.333,2504,53,"S001","S2",311,311,"Positive",52,0
0.3,1038,54,"S001","S2",310,310,"Positive",53,0
0.317,1573,55,"S001","S2",311,311,"Positive",54,0
0.283,2185,56,"S001","S2",310,310,"Positive",55,0
0.267,1471,57,"S001","S2",309,309,"Positive",56,0
0.267,3230,58,"S001","S2",309,309,"Positive",57,0
0.283,1557,59,"S001","S2",308,308,"Positive",58,0
0.283,2402,60,"S001","S2",308,308,"Positive",59,0
0.25,2033,61,"S001","S2",307,307,"Positive",60,0
0.333,738,62,"S001","S2",307,307,"Positive",61,0
0.3,2088,63,"S001","S2",307,307,"Positive",62,0
0.267,1835,64,"S001","S2",306,306,"Positive",63,0
0.283,1860,65,"S001","S2",306,306,"Positive",64,0
0.25,3054,66,"S001","S2",305,305,"Positive",65,0
0.25,3235,67,"S001","S2",304,304,"Positive",66,0
0.4,185,68,"S001","S2",306,306,"Positive",67,0
0.25,561,69,"S001","S2",305,305,"Positive",68,0
0.267,809,70,"S001","S2",305,305,"Positive",69,0
0.3,3061,71,"S001","S2",304,304,"Positive",70,0
0.283,1117,72,"S001","S2",304,304,"Positive",71,0
0.284,3031,73,"S001","S2",304,304,"Positive",72,0
0.35,866,74,"S001","S2",305,305,"Positive",73,0
0.267,2166,75,"S001","S2",304,304,"Positive",74,0
0.383,436,76,"S001","S2",305,305,"Positive",75,0
0.317,364,77,"S001","S2",305,305,"Positive",76,0
0.25,2856,78,"S001","S2",304,304,"Positive",77,0
0.3,974,79,"S001","S2",304,304,"Positive",78,0
0.3,1157,80,"S001","S2",304,304,"Positive",79,0
0.35,448,81,"S001","S2",305,305,"Positive",80,0
0.317,934,82,"S001","S2",305,305,"Positive",81,0
0.283,304,83,"S001","S2",305,305,"Positive",82,0
0.467,225,84,"S001","S2",307,307,"Positive",83,0
0.267,1261,85,"S001","S2",306,306,"Positive",84,0
0.367,2655,86,"S001","S2",307,307,"Positive",85,0
0.3,1768,87,"S001","S2",307,307,"Positive",86,0
0.317,1372,88,"S001","S2",307,307,"Positive",87,0
0.316,1552,89,"S001","S2",307,307,"Positive",88,0
0.317,1946,90,"S001","S2",307,307,"Positive",89,0
0.383,3419,91,"S001","S2",308,308,"Positive",90,0
0.317,2630,92,"S001","S2",308,308,"Positive",91,0
0.4,1350,93,"S001","S2",309,309,"Positive",92,0
0.367,438,94,"S001","S2",310,310,"Positive",93,0
0.283,670,95,"S001","S2",309,309,"Positive",94,0
0.333,2203,96,"S001","S2",310,310,"Positive",95,0
0.517,659,97,"S001","S2",312,312,"Positive",96,0
0.367,1572,98,"S001","S2",312,312,"Positive",97,0
0.333,2707,99,"S001","S2",313,313,"Positive",98,0
0.467,303,100,"S001","S2",314,314,"Positive",99,0
0.283,1627,101,"S001","S2",314,314,"Positive",100,0
0.417,534,102,"S001","S2",315,315,"Positive",101,0
0.3,2888,103,"S001","S2",315,315,"Positive",102,0
0.5,382,104,"S001","S2",316,316,"Positive",103,0
0.317,1353,105,"S001","S2",316,316,"Positive",104,0
0.433,130,106,"S001","S2",318,318,"Positive",105,0
0.35,928,107,"S001","S2",318,318,"Positive",106,0
0.367,1535,108,"S001","S2",318,318,"Positive",107,0
0.367,2165,109,"S001","S2",319,319,"Positive",108,0
0.333,1531,110,"S001","S2",319,319,"Positive",109,0
0.3,2173,111,"S001","S2",319,319,"Positive",110,0
0.317,3445,112,"S001","S2",319,319,"Positive",111,0
0.417,1430,113,"S001","S2",320,320,"Positive",112,0
0.383,198,114,"S001","S2",320,320,"Positive",113,0
0.283,1458,115,"S001","S2",320,320,"Positive",114,0
0.4,892,116,"S001","S2",321,321,"Positive",115,0
0.283,2642,117,"S001","S2",320,320,"Positive",116,0
0.383,1840,118,"S001","S2",321,321,"Positive",117,0
0.383,3331,119,"S001","S2",321,321,"Positive",118,0
0.3,1519,120,"S001","S2",321,321,"Positive",119,0
0.517,346,1,"S005","S1",NA,517,"Positive",0,0
0.35,2006,2,"S005","S1",433,433,"Positive",1,0
0.35,204,3,"S005","S1",406,406,"Positive",2,0
0.3,929,4,"S005","S1",379,379,"Positive",3,0
0.3,970,5,"S005","S1",363,363,"Positive",4,0
0.283,545,6,"S005","S1",350,350,"Positive",5,0
0.266,1799,7,"S005","S1",338,338,"Positive",6,0
0.3,2725,8,"S005","S1",333,333,"Positive",7,0
0.3,2013,9,"S005","S1",330,330,"Positive",8,0
0.284,2759,10,"S005","S1",325,325,"Positive",9,0
0.317,1366,11,"S005","S1",324,324,"Positive",10,0
0.3,2709,12,"S005","S1",322,322,"Positive",11,0
0.317,1172,13,"S005","S1",322,322,"Positive",12,0
0.35,509,14,"S005","S1",324,324,"Positive",13,0
0.333,2614,15,"S005","S1",324,324,"Positive",14,0
0.316,504,16,"S005","S1",324,324,"Positive",15,0
0.317,1557,17,"S005","S1",323,323,"Positive",16,0
0.3,3287,18,"S005","S1",322,322,"Positive",17,0
0.417,206,19,"S005","S1",327,327,"Positive",18,0
0.3,3108,20,"S005","S1",326,326,"Positive",19,0
0.3,2685,21,"S005","S1",325,325,"Positive",20,0
0.317,2787,22,"S005","S1",324,324,"Positive",21,0
0.283,3247,23,"S005","S1",322,322,"Positive",22,0
0.417,550,24,"S005","S1",326,326,"Positive",23,0
0.317,1406,25,"S005","S1",326,326,"Positive",24,0
0.317,3117,26,"S005","S1",326,326,"Positive",25,0
0.333,2352,27,"S005","S1",326,326,"Positive",26,0
0.333,2951,28,"S005","S1",326,326,"Positive",27,0
0.3,2751,29,"S005","S1",325,325,"Positive",28,0
0.317,791,30,"S005","S1",325,325,"Positive",29,0
0.3,772,31,"S005","S1",324,324,"Positive",30,0
0.317,3404,32,"S005","S1",324,324,"Positive",31,0
0.3,1792,33,"S005","S1",323,323,"Positive",32,0
0.283,1326,34,"S005","S1",322,322,"Positive",33,0
0.3,2627,35,"S005","S1",321,321,"Positive",34,0
0.317,1919,36,"S005","S1",321,321,"Positive",35,0
0.367,619,37,"S005","S1",323,323,"Positive",36,0
0.333,1799,38,"S005","S1",323,323,"Positive",37,0
0.3,2555,39,"S005","S1",322,322,"Positive",38,0
0.283,2329,40,"S005","S1",321,321,"Positive",39,0
0.4,503,41,"S005","S1",323,323,"Positive",40,0
0.3,2927,42,"S005","S1",323,323,"Positive",41,0
0.3,1101,43,"S005","S1",322,322,"Positive",42,0
0.317,1143,44,"S005","S1",322,322,"Positive",43,0
0.333,459,45,"S005","S1",322,322,"Positive",44,0
0.3,1578,46,"S005","S1",322,322,"Positive",45,0
0.333,2299,47,"S005","S1",322,322,"Positive",46,0
0.334,2870,48,"S005","S1",322,322,"Positive",47,0
0.4,245,49,"S005","S1",324,324,"Positive",48,0
0.317,2618,50,"S005","S1",324,324,"Positive",49,0
0.3,925,51,"S005","S1",323,323,"Positive",50,0
0.333,779,52,"S005","S1",323,323,"Positive",51,0
0.3,2585,53,"S005","S1",323,323,"Positive",52,0
0.333,972,54,"S005","S1",323,323,"Positive",53,0
0.35,787,55,"S005","S1",324,324,"Positive",54,0
0.3,2170,56,"S005","S1",323,323,"Positive",55,0
0.3,2614,57,"S005","S1",323,323,"Positive",56,0
0.3,774,58,"S005","S1",322,322,"Positive",57,0
0.3,2625,59,"S005","S1",322,322,"Positive",58,0
0.4,241,60,"S005","S1",323,323,"Positive",59,0
0.35,323,61,"S005","S1",324,324,"Positive",60,0
0.317,831,62,"S005","S1",324,324,"Positive",61,0
0.283,1490,63,"S005","S1",323,323,"Positive",62,0
0.3,1474,64,"S005","S1",323,323,"Positive",63,0
0.283,3305,65,"S005","S1",322,322,"Positive",64,0
0.317,121,66,"S005","S1",322,322,"Positive",65,0
0.333,1721,67,"S005","S1",322,322,"Positive",66,0
0.333,626,68,"S005","S1",322,322,"Positive",67,0
0.333,594,69,"S005","S1",322,322,"Positive",68,0
0.3,3477,70,"S005","S1",322,322,"Positive",69,0
0.284,1136,71,"S005","S1",322,322,"Positive",70,0
0.283,1819,72,"S005","S1",321,321,"Positive",71,0
0.317,2975,73,"S005","S1",321,321,"Positive",72,0
0.3,2643,74,"S005","S1",321,321,"Positive",73,0
0.267,3352,75,"S005","S1",320,320,"Positive",74,0
0.283,1392,76,"S005","S1",320,320,"Positive",75,0
0.317,1353,77,"S005","S1",319,319,"Positive",76,0
0.283,3057,78,"S005","S1",319,319,"Positive",77,0
0.317,1555,79,"S005","S1",319,319,"Positive",78,0
0.3,1695,80,"S005","S1",319,319,"Positive",79,0
0.317,1355,81,"S005","S1",319,319,"Positive",80,0
0.283,3082,82,"S005","S1",318,318,"Positive",81,0
0.283,3233,83,"S005","S1",318,318,"Positive",82,0
0.333,593,84,"S005","S1",318,318,"Positive",83,0
0.3,2626,85,"S005","S1",318,318,"Positive",84,0
0.317,2071,86,"S005","S1",318,318,"Positive",85,0
0.3,2719,87,"S005","S1",318,318,"Positive",86,0
0.317,1291,88,"S005","S1",318,318,"Positive",87,0
0.317,3387,89,"S005","S1",318,318,"Positive",88,0
0.317,1799,90,"S005","S1",318,318,"Positive",89,0
0.417,316,91,"S005","S1",319,319,"Positive",90,0
0.367,187,92,"S005","S1",319,319,"Positive",91,0
0.317,3349,93,"S005","S1",319,319,"Positive",92,0
0.3,3130,94,"S005","S1",319,319,"Positive",93,0
0.317,740,95,"S005","S1",319,319,"Positive",94,0
0.3,3101,96,"S005","S1",319,319,"Positive",95,0
0.35,176,97,"S005","S1",319,319,"Positive",96,0
0.317,1994,98,"S005","S1",319,319,"Positive",97,0
0.417,168,99,"S005","S1",320,320,"Positive",98,0
0.283,1492,100,"S005","S1",320,320,"Positive",99,0
0.317,1540,101,"S005","S1",320,320,"Positive",100,0
0.283,148,102,"S005","S1",319,319,"Positive",101,0
0.283,3196,103,"S005","S1",319,319,"Positive",102,0
0.317,2788,104,"S005","S1",319,319,"Positive",103,0
0.3,2789,105,"S005","S1",319,319,"Positive",104,0
0.35,156,106,"S005","S1",319,319,"Positive",105,0
0.333,688,107,"S005","S1",319,319,"Positive",106,0
0.317,1706,108,"S005","S1",319,319,"Positive",107,0
0.3,2173,109,"S005","S1",319,319,"Positive",108,0
0.317,1746,110,"S005","S1",319,319,"Positive",109,0
0.3,2241,111,"S005","S1",319,319,"Positive",110,0
0.267,3234,112,"S005","S1",318,318,"Positive",111,0
0.35,787,113,"S005","S1",319,319,"Positive",112,0
0.3,1702,114,"S005","S1",318,318,"Positive",113,0
0.35,1566,115,"S005","S1",319,319,"Positive",114,0
0.283,1420,116,"S005","S1",318,318,"Positive",115,0
0.3,2493,117,"S005","S1",318,318,"Positive",116,0
0.316,3016,118,"S005","S1",318,318,"Positive",117,0
0.317,989,119,"S005","S1",318,318,"Positive",118,0
0.317,799,120,"S005","S1",318,318,"Positive",119,0
0.333,2721,1,"S005","S2",NA,333,"Positive",0,0
0.317,2117,2,"S005","S2",325,325,"Positive",1,0
0.333,1809,3,"S005","S2",328,328,"Positive",2,0
0.3,1394,4,"S005","S2",321,321,"Positive",3,0
0.283,2649,5,"S005","S2",313,313,"Positive",4,0
0.267,1892,6,"S005","S2",306,306,"Positive",5,0
0.3,2473,7,"S005","S2",305,305,"Positive",6,0
0.367,1541,8,"S005","S2",312,312,"Positive",7,0
0.316,2922,9,"S005","S2",313,313,"Positive",8,0
0.317,3207,10,"S005","S2",313,313,"Positive",9,0
0.35,464,11,"S005","S2",317,317,"Positive",10,0
0.3,1750,12,"S005","S2",315,315,"Positive",11,0
0.317,1205,13,"S005","S2",315,315,"Positive",12,0
0.317,2263,14,"S005","S2",315,315,"Positive",13,0
0.283,3000,15,"S005","S2",313,313,"Positive",14,0
0.333,317,16,"S005","S2",315,315,"Positive",15,0
0.316,1738,17,"S005","S2",315,315,"Positive",16,0
0.284,2208,18,"S005","S2",313,313,"Positive",17,0
0.3,2924,19,"S005","S2",312,312,"Positive",18,0
0.3,2071,20,"S005","S2",312,312,"Positive",19,0
0.367,738,21,"S005","S2",314,314,"Positive",20,0
0.433,104,22,"S005","S2",320,320,"Positive",21,0
0.284,3061,23,"S005","S2",318,318,"Positive",22,0
0.3,1872,24,"S005","S2",317,317,"Positive",23,0
0.333,999,25,"S005","S2",318,318,"Positive",24,0
0.35,1522,26,"S005","S2",319,319,"Positive",25,0
0.3,2227,27,"S005","S2",319,319,"Positive",26,0
0.267,2854,28,"S005","S2",317,317,"Positive",27,0
0.3,3358,29,"S005","S2",316,316,"Positive",28,0
0.317,1073,30,"S005","S2",316,316,"Positive",29,0
0.367,826,31,"S005","S2",318,318,"Positive",30,0
0.3,1694,32,"S005","S2",317,317,"Positive",31,0
0.3,2512,33,"S005","S2",317,317,"Positive",32,0
0.283,3097,34,"S005","S2",316,316,"Positive",33,0
0.283,3267,35,"S005","S2",315,315,"Positive",34,0
0.317,947,36,"S005","S2",315,315,"Positive",35,0
0.35,2586,37,"S005","S2",316,316,"Positive",36,0
0.383,287,38,"S005","S2",318,318,"Positive",37,0
0.3,877,39,"S005","S2",317,317,"Positive",38,0
0.3,2649,40,"S005","S2",317,317,"Positive",39,0
0.317,1099,41,"S005","S2",317,317,"Positive",40,0
0.333,976,42,"S005","S2",317,317,"Positive",41,0
0.317,3479,43,"S005","S2",317,317,"Positive",42,0
0.3,1688,44,"S005","S2",317,317,"Positive",43,0
0.3,2666,45,"S005","S2",316,316,"Positive",44,0
0.3,3469,46,"S005","S2",316,316,"Positive",45,0
0.367,1127,47,"S005","S2",317,317,"Positive",46,0
0.317,999,48,"S005","S2",317,317,"Positive",47,0
0.35,1138,49,"S005","S2",318,318,"Positive",48,0
0.45,548,50,"S005","S2",320,320,"Positive",49,0
0.317,1024,51,"S005","S2",320,320,"Positive",50,0
0.317,2382,52,"S005","S2",320,320,"Positive",51,0
0.317,707,53,"S005","S2",320,320,"Positive",52,0
0.266,3416,54,"S005","S2",319,319,"Positive",53,0
0.3,3156,55,"S005","S2",319,319,"Positive",54,0
0.35,2176,56,"S005","S2",319,319,"Positive",55,0
0.3,3012,57,"S005","S2",319,319,"Positive",56,0
0.333,1616,58,"S005","S2",319,319,"Positive",57,0
0.283,1360,59,"S005","S2",319,319,"Positive",58,0
0.3,1878,60,"S005","S2",318,318,"Positive",59,0
0.35,396,61,"S005","S2",319,319,"Positive",60,0
0.3,818,62,"S005","S2",319,319,"Positive",61,0
0.333,2929,63,"S005","S2",319,319,"Positive",62,0
0.317,3300,64,"S005","S2",319,319,"Positive",63,0
0.283,1835,65,"S005","S2",318,318,"Positive",64,0
0.3,2959,66,"S005","S2",318,318,"Positive",65,0
0.317,1911,67,"S005","S2",318,318,"Positive",66,0
0.333,1432,68,"S005","S2",318,318,"Positive",67,0
0.283,3084,69,"S005","S2",318,318,"Positive",68,0
0.333,2999,70,"S005","S2",318,318,"Positive",69,0
0.317,3164,71,"S005","S2",318,318,"Positive",70,0
0.317,3260,72,"S005","S2",318,318,"Positive",71,0
0.417,2853,73,"S005","S2",319,319,"Positive",72,0
0.3,3480,74,"S005","S2",319,319,"Positive",73,0
0.317,2326,75,"S005","S2",319,319,"Positive",74,0
0.35,1743,76,"S005","S2",319,319,"Positive",75,0
0.4,365,77,"S005","S2",320,320,"Positive",76,0
0.367,236,78,"S005","S2",321,321,"Positive",77,0
0.333,1278,79,"S005","S2",321,321,"Positive",78,0
0.317,1080,80,"S005","S2",321,321,"Positive",79,0
0.316,2419,81,"S005","S2",321,321,"Positive",80,0
0.417,541,82,"S005","S2",322,322,"Positive",81,0
0.3,1913,83,"S005","S2",322,322,"Positive",82,0
0.283,1106,84,"S005","S2",321,321,"Positive",83,0
0.267,3411,85,"S005","S2",321,321,"Positive",84,0
0.283,3074,86,"S005","S2",320,320,"Positive",85,0
0.284,2650,87,"S005","S2",320,320,"Positive",86,0
0.35,1764,88,"S005","S2",320,320,"Positive",87,0
0.317,1646,89,"S005","S2",320,320,"Positive",88,0
0.283,2855,90,"S005","S2",320,320,"Positive",89,0
0.3,2885,91,"S005","S2",320,320,"Positive",90,0
0.316,1529,92,"S005","S2",320,320,"Positive",91,0
0.383,624,93,"S005","S2",320,320,"Positive",92,0
0.4,1043,94,"S005","S2",321,321,"Positive",93,0
0.3,2598,95,"S005","S2",321,321,"Positive",94,0
0.317,2975,96,"S005","S2",321,321,"Positive",95,0
0.383,243,97,"S005","S2",321,321,"Positive",96,0
0.433,1150,98,"S005","S2",323,323,"Positive",97,0
0.35,423,99,"S005","S2",323,323,"Positive",98,0
0.3,1902,100,"S005","S2",323,323,"Positive",99,0
0.317,840,101,"S005","S2",323,323,"Positive",100,0
0.333,920,102,"S005","S2",323,323,"Positive",101,0
0.316,2812,103,"S005","S2",323,323,"Positive",102,0
0.35,1664,104,"S005","S2",323,323,"Positive",103,0
0.316,2529,105,"S005","S2",323,323,"Positive",104,0
0.333,2111,106,"S005","S2",323,323,"Positive",105,0
0.3,3134,107,"S005","S2",323,323,"Positive",106,0
0.3,1699,108,"S005","S2",323,323,"Positive",107,0
0.3,1764,109,"S005","S2",322,322,"Positive",108,0
0.317,3392,110,"S005","S2",322,322,"Positive",109,0
0.3,2709,111,"S005","S2",322,322,"Positive",110,0
0.417,254,112,"S005","S2",323,323,"Positive",111,0
0.367,846,113,"S005","S2",323,323,"Positive",112,0
0.467,839,114,"S005","S2",325,325,"Positive",113,0
0.333,1620,115,"S005","S2",325,325,"Positive",114,0
0.317,1038,116,"S005","S2",325,325,"Positive",115,0
0.333,975,117,"S005","S2",325,325,"Positive",116,0
0.4,338,118,"S005","S2",325,325,"Positive",117,0
0.333,1189,119,"S005","S2",325,325,"Positive",118,0
0.35,441,120,"S005","S2",326,326,"Positive",119,0
0.517,2875,1,"S007","S1",NA,517,"Positive",0,0
0.317,1682,2,"S007","S1",417,417,"Positive",1,0
0.283,862,3,"S007","S1",372,372,"Positive",2,0
0.283,2733,4,"S007","S1",350,350,"Positive",3,0
0.267,1160,5,"S007","S1",333,333,"Positive",4,0
0.25,2666,6,"S007","S1",319,319,"Positive",5,0
0.3,3201,7,"S007","S1",317,317,"Positive",6,0
0.35,2717,8,"S007","S1",321,321,"Positive",7,0
0.317,2051,9,"S007","S1",320,320,"Positive",8,0
0.267,1290,10,"S007","S1",315,315,"Positive",9,0
0.283,631,11,"S007","S1",312,312,"Positive",10,0
0.4,1503,12,"S007","S1",319,319,"Positive",11,0
0.35,1433,13,"S007","S1",322,322,"Positive",12,0
0.3,1979,14,"S007","S1",320,320,"Positive",13,0
0.267,797,15,"S007","S1",317,317,"Positive",14,0
0.3,2966,16,"S007","S1",316,316,"Positive",15,0
0.283,1460,17,"S007","S1",314,314,"Positive",16,0
0.267,2323,18,"S007","S1",311,311,"Positive",17,0
0.25,3479,19,"S007","S1",308,308,"Positive",18,0
0.25,2661,20,"S007","S1",305,305,"Positive",19,0
0.3,1482,21,"S007","S1",305,305,"Positive",20,0
0.283,1724,22,"S007","S1",304,304,"Positive",21,0
0.267,3500,23,"S007","S1",302,302,"Positive",22,0
0.283,1042,24,"S007","S1",301,301,"Positive",23,0
0.25,1209,25,"S007","S1",299,299,"Positive",24,0
0.317,1716,27,"S007","S1",290,290,"Positive",26,0
0.25,2732,28,"S007","S1",288,288,"Positive",27,0
0.367,158,29,"S007","S1",291,291,"Positive",28,0
0.283,3297,30,"S007","S1",291,291,"Positive",29,0
0.267,2921,31,"S007","S1",290,290,"Positive",30,0
0.317,977,32,"S007","S1",291,291,"Positive",31,0
0.433,312,33,"S007","S1",295,295,"Positive",32,0
0.4,3232,34,"S007","S1",298,298,"Positive",33,0
0.317,663,35,"S007","S1",299,299,"Positive",34,0
0.3,626,36,"S007","S1",299,299,"Positive",35,0
0.383,1875,37,"S007","S1",301,301,"Positive",36,0
0.617,688,38,"S007","S1",309,309,"Positive",37,0
0.3,2808,39,"S007","S1",309,309,"Positive",38,0
0.267,1105,40,"S007","S1",308,308,"Positive",39,0
0.317,616,41,"S007","S1",308,308,"Positive",40,0
0.3,1078,42,"S007","S1",308,308,"Positive",41,0
0.267,1131,43,"S007","S1",307,307,"Positive",42,0
0.25,2249,44,"S007","S1",306,306,"Positive",43,0
0.25,2898,45,"S007","S1",304,304,"Positive",44,0
0.25,2406,46,"S007","S1",303,303,"Positive",45,0
0.283,3369,47,"S007","S1",303,303,"Positive",46,0
0.45,133,48,"S007","S1",306,306,"Positive",47,0
0.283,2325,49,"S007","S1",305,305,"Positive",48,0
0.283,3443,50,"S007","S1",305,305,"Positive",49,0
0.283,1714,51,"S007","S1",305,305,"Positive",50,0
0.267,1286,52,"S007","S1",304,304,"Positive",51,0
0.283,265,53,"S007","S1",303,303,"Positive",52,0
0.3,2507,54,"S007","S1",303,303,"Positive",53,0
0.3,2314,55,"S007","S1",303,303,"Positive",54,0
0.267,3371,56,"S007","S1",303,303,"Positive",55,0
0.316,1966,57,"S007","S1",303,303,"Positive",56,0
0.283,1081,58,"S007","S1",303,303,"Positive",57,0
0.317,2551,59,"S007","S1",303,303,"Positive",58,0
0.333,3121,60,"S007","S1",303,303,"Positive",59,0
0.317,1051,61,"S007","S1",304,304,"Positive",60,0
0.3,3041,62,"S007","S1",303,303,"Positive",61,0
0.333,1404,63,"S007","S1",304,304,"Positive",62,0
0.55,1232,64,"S007","S1",308,308,"Positive",63,0
0.3,1197,65,"S007","S1",308,308,"Positive",64,0
0.283,2427,66,"S007","S1",307,307,"Positive",65,0
0.3,1053,67,"S007","S1",307,307,"Positive",66,0
0.3,567,68,"S007","S1",307,307,"Positive",67,0
0.25,1753,69,"S007","S1",306,306,"Positive",68,0
0.25,2455,70,"S007","S1",305,305,"Positive",69,0
0.283,2728,71,"S007","S1",305,305,"Positive",70,0
0.35,119,72,"S007","S1",306,306,"Positive",71,0
0.333,1031,73,"S007","S1",306,306,"Positive",72,0
0.283,2779,74,"S007","S1",306,306,"Positive",73,0
0.3,1663,75,"S007","S1",306,306,"Positive",74,0
0.283,3429,76,"S007","S1",305,305,"Positive",75,0
0.4,225,77,"S007","S1",307,307,"Positive",76,0
0.283,1861,78,"S007","S1",306,306,"Positive",77,0
0.317,3012,79,"S007","S1",307,307,"Positive",78,0
0.267,1935,80,"S007","S1",306,306,"Positive",79,0
0.283,953,81,"S007","S1",306,306,"Positive",80,0
0.283,267,82,"S007","S1",305,305,"Positive",81,0
0.267,2389,83,"S007","S1",305,305,"Positive",82,0
0.25,1939,84,"S007","S1",304,304,"Positive",83,0
0.283,620,85,"S007","S1",304,304,"Positive",84,0
0.25,1628,86,"S007","S1",303,303,"Positive",85,0
0.233,1142,87,"S007","S1",303,303,"Positive",86,0
0.3,839,88,"S007","S1",303,303,"Positive",87,0
0.383,146,89,"S007","S1",304,304,"Positive",88,0
0.3,1675,90,"S007","S1",304,304,"Positive",89,0
0.233,1947,91,"S007","S1",303,303,"Positive",90,0
0.3,2837,92,"S007","S1",303,303,"Positive",91,0
0.3,2360,93,"S007","S1",303,303,"Positive",92,0
0.383,1088,94,"S007","S1",304,304,"Positive",93,0
0.25,3467,95,"S007","S1",303,303,"Positive",94,0
0.267,1327,96,"S007","S1",303,303,"Positive",95,0
0.267,2885,97,"S007","S1",302,302,"Positive",96,0
0.317,472,98,"S007","S1",302,302,"Positive",97,0
0.317,705,99,"S007","S1",303,303,"Positive",98,0
0.3,327,100,"S007","S1",303,303,"Positive",99,0
0.267,2097,101,"S007","S1",302,302,"Positive",100,0
0.267,2519,102,"S007","S1",302,302,"Positive",101,0
0.267,1552,103,"S007","S1",301,301,"Positive",102,0
0.25,1894,104,"S007","S1",301,301,"Positive",103,0
0.267,2991,105,"S007","S1",301,301,"Positive",104,0
0.3,1818,106,"S007","S1",301,301,"Positive",105,0
0.3,665,107,"S007","S1",301,301,"Positive",106,0
0.283,3200,108,"S007","S1",300,300,"Positive",107,0
0.317,1593,109,"S007","S1",301,301,"Positive",108,0
0.45,708,110,"S007","S1",302,302,"Positive",109,0
0.317,1267,111,"S007","S1",302,302,"Positive",110,0
0.283,3257,112,"S007","S1",302,302,"Positive",111,0
0.283,2150,113,"S007","S1",302,302,"Positive",112,0
0.283,1643,114,"S007","S1",302,302,"Positive",113,0
0.3,407,115,"S007","S1",302,302,"Positive",114,0
0.267,1282,116,"S007","S1",301,301,"Positive",115,0
0.3,2560,117,"S007","S1",301,301,"Positive",116,0
0.3,1182,118,"S007","S1",301,301,"Positive",117,0
0.267,1944,119,"S007","S1",301,301,"Positive",118,0
0.367,2554,120,"S007","S1",302,302,"Positive",119,0
0.317,1487,1,"S007","S2",NA,317,"Positive",0,0
0.267,3030,2,"S007","S2",292,292,"Positive",1,0
0.316,677,3,"S007","S2",300,300,"Positive",2,0
0.25,2322,4,"S007","S2",287,287,"Positive",3,0
0.267,1777,5,"S007","S2",283,283,"Positive",4,0
0.25,726,6,"S007","S2",278,278,"Positive",5,0
0.283,3030,7,"S007","S2",279,279,"Positive",6,0
0.35,127,8,"S007","S2",287,287,"Positive",7,0
0.333,708,9,"S007","S2",293,293,"Positive",8,0
0.283,293,10,"S007","S2",292,292,"Positive",9,0
0.283,3106,11,"S007","S2",291,291,"Positive",10,0
0.267,1649,12,"S007","S2",289,289,"Positive",11,0
0.267,2614,13,"S007","S2",287,287,"Positive",12,0
0.317,392,14,"S007","S2",289,289,"Positive",13,0
0.333,1224,15,"S007","S2",292,292,"Positive",14,0
0.25,2670,16,"S007","S2",290,290,"Positive",15,0
0.35,210,17,"S007","S2",293,293,"Positive",16,0
0.25,2740,18,"S007","S2",291,291,"Positive",17,0
0.25,2134,19,"S007","S2",289,289,"Positive",18,0
0.3,772,20,"S007","S2",289,289,"Positive",19,0
0.283,2008,21,"S007","S2",289,289,"Positive",20,0
0.283,896,22,"S007","S2",289,289,"Positive",21,0
0.283,2237,23,"S007","S2",288,288,"Positive",22,0
0.283,1190,24,"S007","S2",288,288,"Positive",23,0
0.283,1436,25,"S007","S2",288,288,"Positive",24,0
0.283,2243,26,"S007","S2",288,288,"Positive",25,0
0.266,3407,27,"S007","S2",287,287,"Positive",26,0
0.3,360,28,"S007","S2",287,287,"Positive",27,0
0.284,1414,29,"S007","S2",287,287,"Positive",28,0
0.267,1425,30,"S007","S2",287,287,"Positive",29,0
0.267,2081,31,"S007","S2",286,286,"Positive",30,0
0.266,3056,32,"S007","S2",285,285,"Positive",31,0
0.333,775,33,"S007","S2",287,287,"Positive",32,0
0.3,2411,34,"S007","S2",287,287,"Positive",33,0
0.4,595,35,"S007","S2",290,290,"Positive",34,0
0.3,665,36,"S007","S2",291,291,"Positive",35,0
0.3,3029,37,"S007","S2",291,291,"Positive",36,0
0.267,2943,38,"S007","S2",290,290,"Positive",37,0
0.283,2182,39,"S007","S2",290,290,"Positive",38,0
0.55,300,40,"S007","S2",297,297,"Positive",39,0
0.3,1334,41,"S007","S2",297,297,"Positive",40,0
0.317,3282,42,"S007","S2",297,297,"Positive",41,0
0.267,2756,43,"S007","S2",297,297,"Positive",42,0
0.283,3064,45,"S007","S2",310,310,"Positive",44,0
0.283,931,46,"S007","S2",309,309,"Positive",45,0
0.267,2375,47,"S007","S2",308,308,"Positive",46,0
0.3,849,48,"S007","S2",308,308,"Positive",47,0
0.267,920,49,"S007","S2",307,307,"Positive",48,0
0.267,3249,50,"S007","S2",306,306,"Positive",49,0
0.25,2824,51,"S007","S2",305,305,"Positive",50,0
0.3,730,52,"S007","S2",305,305,"Positive",51,0
0.267,2558,53,"S007","S2",304,304,"Positive",52,0
0.3,326,54,"S007","S2",304,304,"Positive",53,0
0.283,732,55,"S007","S2",304,304,"Positive",54,0
0.25,3198,56,"S007","S2",303,303,"Positive",55,0
0.317,1286,57,"S007","S2",303,303,"Positive",56,0
0.35,349,58,"S007","S2",304,304,"Positive",57,0
0.283,1313,59,"S007","S2",304,304,"Positive",58,0
0.317,2792,60,"S007","S2",304,304,"Positive",59,0
0.267,2638,61,"S007","S2",303,303,"Positive",60,0
0.3,2991,62,"S007","S2",303,303,"Positive",61,0
0.317,3316,63,"S007","S2",303,303,"Positive",62,0
0.283,3192,64,"S007","S2",303,303,"Positive",63,0
0.283,1427,65,"S007","S2",303,303,"Positive",64,0
0.3,352,66,"S007","S2",303,303,"Positive",65,0
0.367,2755,67,"S007","S2",304,304,"Positive",66,0
0.333,1343,68,"S007","S2",304,304,"Positive",67,0
0.35,127,69,"S007","S2",305,305,"Positive",68,0
0.383,2683,70,"S007","S2",306,306,"Positive",69,0
0.317,3121,71,"S007","S2",306,306,"Positive",70,0
0.316,335,72,"S007","S2",306,306,"Positive",71,0
0.434,1153,73,"S007","S2",308,308,"Positive",72,0
0.283,1371,74,"S007","S2",308,308,"Positive",73,0
0.283,389,75,"S007","S2",307,307,"Positive",74,0
0.3,186,76,"S007","S2",307,307,"Positive",75,0
0.266,1181,77,"S007","S2",307,307,"Positive",76,0
0.25,1211,78,"S007","S2",306,306,"Positive",77,0
0.25,1485,79,"S007","S2",305,305,"Positive",78,0
0.267,2520,80,"S007","S2",305,305,"Positive",79,0
0.3,609,81,"S007","S2",305,305,"Positive",80,0
0.267,875,82,"S007","S2",304,304,"Positive",81,0
0.267,2958,83,"S007","S2",304,304,"Positive",82,0
0.317,3196,84,"S007","S2",304,304,"Positive",83,0
0.433,587,85,"S007","S2",305,305,"Positive",84,0
0.284,1652,86,"S007","S2",305,305,"Positive",85,0
0.267,1938,87,"S007","S2",305,305,"Positive",86,0
0.3,172,88,"S007","S2",305,305,"Positive",87,0
0.3,3276,89,"S007","S2",305,305,"Positive",88,0
0.283,1941,90,"S007","S2",304,304,"Positive",89,0
0.267,2774,91,"S007","S2",304,304,"Positive",90,0
0.317,1390,92,"S007","S2",304,304,"Positive",91,0
0.333,153,93,"S007","S2",304,304,"Positive",92,0
0.283,3303,94,"S007","S2",304,304,"Positive",93,0
0.3,457,95,"S007","S2",304,304,"Positive",94,0
0.3,3386,96,"S007","S2",304,304,"Positive",95,0
0.3,635,97,"S007","S2",304,304,"Positive",96,0
0.333,2999,98,"S007","S2",304,304,"Positive",97,0
0.317,3423,99,"S007","S2",305,305,"Positive",98,0
0.317,3500,100,"S007","S2",305,305,"Positive",99,0
0.267,3015,101,"S007","S2",304,304,"Positive",100,0
0.3,2317,102,"S007","S2",304,304,"Positive",101,0
0.283,1911,103,"S007","S2",304,304,"Positive",102,0
0.267,1458,104,"S007","S2",304,304,"Positive",103,0
0.267,1041,105,"S007","S2",303,303,"Positive",104,0
0.25,844,106,"S007","S2",303,303,"Positive",105,0
0.3,748,107,"S007","S2",303,303,"Positive",106,0
0.284,1305,108,"S007","S2",303,303,"Positive",107,0
0.267,1596,109,"S007","S2",302,302,"Positive",108,0
0.267,3085,110,"S007","S2",302,302,"Positive",109,0
0.267,3491,111,"S007","S2",302,302,"Positive",110,0
0.317,1186,112,"S007","S2",302,302,"Positive",111,0
0.317,3261,113,"S007","S2",302,302,"Positive",112,0
0.283,2318,114,"S007","S2",302,302,"Positive",113,0
0.267,3213,115,"S007","S2",301,301,"Positive",114,0
0.283,1896,116,"S007","S2",301,301,"Positive",115,0
0.267,3105,117,"S007","S2",301,301,"Positive",116,0
0.367,979,118,"S007","S2",302,302,"Positive",117,0
0.35,3278,119,"S007","S2",302,302,"Positive",118,0
0.3,1158,120,"S007","S2",302,302,"Positive",119,0
0.35,3207,1,"S003","S1",NA,350,"Positive",0,0
0.333,1297,2,"S003","S1",342,342,"Positive",1,0
0.3,1985,3,"S003","S1",328,328,"Positive",2,0
0.283,2730,4,"S003","S1",317,317,"Positive",3,0
0.283,1305,5,"S003","S1",310,310,"Positive",4,0
0.267,2926,6,"S003","S1",303,303,"Positive",5,0
0.267,1315,7,"S003","S1",298,298,"Positive",6,0
0.383,3399,8,"S003","S1",308,308,"Positive",7,0
0.333,784,9,"S003","S1",311,311,"Positive",8,0
0.35,1187,10,"S003","S1",315,315,"Positive",9,0
0.667,1088,11,"S003","S1",347,347,"Positive",10,0
0.284,3461,13,"S003","S1",386,386,"Positive",12,0
0.3,3138,14,"S003","S1",380,380,"Positive",13,0
0.4,1310,15,"S003","S1",381,381,"Positive",14,0
0.35,2062,16,"S003","S1",379,379,"Positive",15,0
0.4,220,17,"S003","S1",380,380,"Positive",16,0
0.35,1335,18,"S003","S1",379,379,"Positive",17,0
0.333,1125,19,"S003","S1",376,376,"Positive",18,0
0.483,2560,20,"S003","S1",382,382,"Positive",19,0
0.45,556,22,"S003","S1",420,420,"Positive",21,0
0.3,915,23,"S003","S1",414,414,"Positive",22,0
0.283,3209,24,"S003","S1",409,409,"Positive",23,0
0.333,939,25,"S003","S1",406,406,"Positive",24,0
0.3,1592,26,"S003","S1",402,402,"Positive",25,0
0.334,310,27,"S003","S1",399,399,"Positive",26,0
0.283,254,28,"S003","S1",395,395,"Positive",27,0
0.267,130,29,"S003","S1",391,391,"Positive",28,0
0.283,2457,30,"S003","S1",387,387,"Positive",29,0
0.267,202,31,"S003","S1",383,383,"Positive",30,0
0.284,356,32,"S003","S1",380,380,"Positive",31,0
0.283,2322,33,"S003","S1",377,377,"Positive",32,0
0.3,1061,34,"S003","S1",375,375,"Positive",33,0
0.35,3024,35,"S003","S1",374,374,"Positive",34,0
0.417,490,36,"S003","S1",375,375,"Positive",35,0
0.283,922,37,"S003","S1",373,373,"Positive",36,0
0.317,904,38,"S003","S1",372,372,"Positive",37,0
0.3,1575,39,"S003","S1",370,370,"Positive",38,0
0.317,630,40,"S003","S1",368,368,"Positive",39,0
0.25,2521,41,"S003","S1",365,365,"Positive",40,0
0.283,3496,42,"S003","S1",363,363,"Positive",41,0
0.283,1672,43,"S003","S1",362,362,"Positive",42,0
0.3,2674,44,"S003","S1",360,360,"Positive",43,0
0.317,3010,45,"S003","S1",359,359,"Positive",44,0
0.3,2714,46,"S003","S1",358,358,"Positive",45,0
0.35,473,47,"S003","S1",358,358,"Positive",46,0
0.317,653,48,"S003","S1",357,357,"Positive",47,0
0.333,2360,49,"S003","S1",356,356,"Positive",48,0
0.3,690,50,"S003","S1",355,355,"Positive",49,0
0.267,255,51,"S003","S1",354,354,"Positive",50,0
0.283,2392,52,"S003","S1",352,352,"Positive",51,0
0.283,708,53,"S003","S1",351,351,"Positive",52,0
0.317,2780,54,"S003","S1",350,350,"Positive",53,0
0.317,2916,55,"S003","S1",350,350,"Positive",54,0
0.317,2729,56,"S003","S1",349,349,"Positive",55,0
0.367,300,57,"S003","S1",349,349,"Positive",56,0
0.283,3381,58,"S003","S1",348,348,"Positive",57,0
0.283,1411,59,"S003","S1",347,347,"Positive",58,0
0.333,221,60,"S003","S1",347,347,"Positive",59,0
0.3,2908,61,"S003","S1",346,346,"Positive",60,0
0.3,666,62,"S003","S1",345,345,"Positive",61,0
0.333,758,63,"S003","S1",345,345,"Positive",62,0
0.3,1276,64,"S003","S1",345,345,"Positive",63,0
0.317,128,65,"S003","S1",344,344,"Positive",64,0
0.317,220,66,"S003","S1",344,344,"Positive",65,0
0.3,722,67,"S003","S1",343,343,"Positive",66,0
0.283,1883,68,"S003","S1",342,342,"Positive",67,0
0.317,2114,69,"S003","S1",342,342,"Positive",68,0
0.367,210,70,"S003","S1",342,342,"Positive",69,0
0.333,3073,71,"S003","S1",342,342,"Positive",70,0
0.333,1469,72,"S003","S1",342,342,"Positive",71,0
0.3,3151,73,"S003","S1",341,341,"Positive",72,0
0.283,2393,74,"S003","S1",341,341,"Positive",73,0
0.317,2789,75,"S003","S1",340,340,"Positive",74,0
0.333,2742,76,"S003","S1",340,340,"Positive",75,0
0.383,1136,77,"S003","S1",341,341,"Positive",76,0
0.283,1361,78,"S003","S1",340,340,"Positive",77,0
0.3,648,79,"S003","S1",339,339,"Positive",78,0
0.3,2368,80,"S003","S1",339,339,"Positive",79,0
0.317,1344,81,"S003","S1",339,339,"Positive",80,0
0.35,3276,82,"S003","S1",339,339,"Positive",81,0
0.3,2253,83,"S003","S1",338,338,"Positive",82,0
0.283,2855,84,"S003","S1",338,338,"Positive",83,0
0.283,428,85,"S003","S1",337,337,"Positive",84,0
0.3,1087,86,"S003","S1",337,337,"Positive",85,0
0.267,1183,87,"S003","S1",336,336,"Positive",86,0
0.317,1191,88,"S003","S1",336,336,"Positive",87,0
0.283,1086,89,"S003","S1",335,335,"Positive",88,0
0.3,3191,90,"S003","S1",335,335,"Positive",89,0
0.317,3273,91,"S003","S1",334,334,"Positive",90,0
0.35,3012,92,"S003","S1",335,335,"Positive",91,0
0.317,1023,93,"S003","S1",334,334,"Positive",92,0
0.317,104,94,"S003","S1",334,334,"Positive",93,0
0.317,2358,95,"S003","S1",334,334,"Positive",94,0
0.333,3457,96,"S003","S1",334,334,"Positive",95,0
0.4,3491,97,"S003","S1",335,335,"Positive",96,0
0.367,3439,98,"S003","S1",335,335,"Positive",97,0
0.383,356,99,"S003","S1",336,336,"Positive",98,0
0.3,224,100,"S003","S1",335,335,"Positive",99,0
0.333,2016,101,"S003","S1",335,335,"Positive",100,0
0.3,3493,102,"S003","S1",335,335,"Positive",101,0
0.3,1348,103,"S003","S1",334,334,"Positive",102,0
0.334,604,104,"S003","S1",334,334,"Positive",103,0
0.35,1076,105,"S003","S1",335,335,"Positive",104,0
0.317,2649,106,"S003","S1",334,334,"Positive",105,0
0.283,1961,107,"S003","S1",334,334,"Positive",106,0
0.283,1234,108,"S003","S1",333,333,"Positive",107,0
0.3,2176,109,"S003","S1",333,333,"Positive",108,0
0.367,1970,110,"S003","S1",333,333,"Positive",109,0
0.317,1505,111,"S003","S1",333,333,"Positive",110,0
0.317,201,112,"S003","S1",333,333,"Positive",111,0
0.317,214,113,"S003","S1",333,333,"Positive",112,0
0.317,2886,114,"S003","S1",333,333,"Positive",113,0
0.317,2673,115,"S003","S1",333,333,"Positive",114,0
0.283,3021,116,"S003","S1",332,332,"Positive",115,0
0.3,2750,117,"S003","S1",332,332,"Positive",116,0
0.3,1439,118,"S003","S1",332,332,"Positive",117,0
0.367,3387,119,"S003","S1",332,332,"Positive",118,0
0.333,778,120,"S003","S1",332,332,"Positive",119,0
0.317,2000,1,"S003","S2",NA,317,"Positive",0,0
0.283,457,2,"S003","S2",300,300,"Positive",1,0
0.3,3211,3,"S003","S2",300,300,"Positive",2,0
0.333,445,4,"S003","S2",308,308,"Positive",3,0
0.283,1898,5,"S003","S2",303,303,"Positive",4,0
0.284,1844,6,"S003","S2",300,300,"Positive",5,0
0.3,728,7,"S003","S2",300,300,"Positive",6,0
0.283,3323,8,"S003","S2",298,298,"Positive",7,0
0.317,2745,9,"S003","S2",300,300,"Positive",8,0
0.283,2582,10,"S003","S2",298,298,"Positive",9,0
0.283,3439,11,"S003","S2",297,297,"Positive",10,0
0.283,1146,12,"S003","S2",296,296,"Positive",11,0
0.3,3402,13,"S003","S2",296,296,"Positive",12,0
0.284,2365,14,"S003","S2",295,295,"Positive",13,0
0.283,1739,15,"S003","S2",294,294,"Positive",14,0
0.316,2220,16,"S003","S2",296,296,"Positive",15,0
0.317,289,17,"S003","S2",297,297,"Positive",16,0
0.283,775,18,"S003","S2",296,296,"Positive",17,0
0.3,1798,19,"S003","S2",296,296,"Positive",18,0
0.266,1943,20,"S003","S2",295,295,"Positive",19,0
0.283,723,21,"S003","S2",294,294,"Positive",20,0
0.3,2994,22,"S003","S2",295,295,"Positive",21,0
0.283,1950,23,"S003","S2",294,294,"Positive",22,0
0.283,309,24,"S003","S2",294,294,"Positive",23,0
0.283,1743,25,"S003","S2",293,293,"Positive",24,0
0.267,3389,26,"S003","S2",292,292,"Positive",25,0
0.417,1105,27,"S003","S2",297,297,"Positive",26,0
0.283,2659,28,"S003","S2",296,296,"Positive",27,0
0.317,3425,29,"S003","S2",297,297,"Positive",28,0
0.35,1791,30,"S003","S2",299,299,"Positive",29,0
0.3,2553,31,"S003","S2",299,299,"Positive",30,0
0.317,3215,32,"S003","S2",299,299,"Positive",31,0
0.383,855,33,"S003","S2",302,302,"Positive",32,0
0.283,1353,34,"S003","S2",301,301,"Positive",33,0
0.283,2818,35,"S003","S2",301,301,"Positive",34,0
0.283,578,36,"S003","S2",300,300,"Positive",35,0
0.35,2651,37,"S003","S2",302,302,"Positive",36,0
0.283,1655,38,"S003","S2",301,301,"Positive",37,0
0.317,3119,39,"S003","S2",302,302,"Positive",38,0
0.333,3500,40,"S003","S2",303,303,"Positive",39,0
0.517,146,41,"S003","S2",308,308,"Positive",40,0
0.333,2567,42,"S003","S2",308,308,"Positive",41,0
0.366,195,43,"S003","S2",310,310,"Positive",42,0
0.3,1704,44,"S003","S2",309,309,"Positive",43,0
0.283,1192,45,"S003","S2",309,309,"Positive",44,0
0.283,2678,46,"S003","S2",308,308,"Positive",45,0
0.3,1886,47,"S003","S2",308,308,"Positive",46,0
0.283,1328,48,"S003","S2",308,308,"Positive",47,0
0.267,2405,49,"S003","S2",307,307,"Positive",48,0
0.25,2628,50,"S003","S2",306,306,"Positive",49,0
0.3,797,51,"S003","S2",306,306,"Positive",50,0
0.283,1699,52,"S003","S2",305,305,"Positive",51,0
0.283,1858,53,"S003","S2",305,305,"Positive",52,0
0.333,491,54,"S003","S2",305,305,"Positive",53,0
0.3,900,55,"S003","S2",305,305,"Positive",54,0
0.283,1769,56,"S003","S2",305,305,"Positive",55,0
0.3,1321,57,"S003","S2",305,305,"Positive",56,0
0.283,2605,58,"S003","S2",304,304,"Positive",57,0
0.3,3070,59,"S003","S2",304,304,"Positive",58,0
0.367,1378,60,"S003","S2",305,305,"Positive",59,0
0.317,1752,61,"S003","S2",305,305,"Positive",60,0
0.3,1104,62,"S003","S2",305,305,"Positive",61,0
0.283,3303,63,"S003","S2",305,305,"Positive",62,0
0.283,2322,64,"S003","S2",305,305,"Positive",63,0
0.317,1434,65,"S003","S2",305,305,"Positive",64,0
0.3,1526,66,"S003","S2",305,305,"Positive",65,0
0.283,1164,67,"S003","S2",304,304,"Positive",66,0
0.333,3183,68,"S003","S2",305,305,"Positive",67,0
0.4,471,69,"S003","S2",306,306,"Positive",68,0
0.317,1661,70,"S003","S2",306,306,"Positive",69,0
0.283,2236,71,"S003","S2",306,306,"Positive",70,0
0.333,1503,72,"S003","S2",306,306,"Positive",71,0
0.317,925,73,"S003","S2",307,307,"Positive",72,0
0.3,977,74,"S003","S2",307,307,"Positive",73,0
0.3,1446,75,"S003","S2",306,306,"Positive",74,0
0.267,2028,76,"S003","S2",306,306,"Positive",75,0
0.35,227,77,"S003","S2",306,306,"Positive",76,0
0.3,2195,78,"S003","S2",306,306,"Positive",77,0
0.3,612,79,"S003","S2",306,306,"Positive",78,0
0.317,2069,80,"S003","S2",306,306,"Positive",79,0
0.317,730,81,"S003","S2",307,307,"Positive",80,0
0.3,1540,82,"S003","S2",306,306,"Positive",81,0
0.283,2624,83,"S003","S2",306,306,"Positive",82,0
0.317,1180,84,"S003","S2",306,306,"Positive",83,0
0.267,1898,85,"S003","S2",306,306,"Positive",84,0
0.3,2196,86,"S003","S2",306,306,"Positive",85,0
0.267,2505,87,"S003","S2",305,305,"Positive",86,0
0.3,582,88,"S003","S2",305,305,"Positive",87,0
0.283,1643,89,"S003","S2",305,305,"Positive",88,0
0.267,1082,90,"S003","S2",305,305,"Positive",89,0
0.333,615,91,"S003","S2",305,305,"Positive",90,0
0.283,3399,92,"S003","S2",305,305,"Positive",91,0
0.283,2347,93,"S003","S2",304,304,"Positive",92,0
0.3,1735,94,"S003","S2",304,304,"Positive",93,0
0.3,861,95,"S003","S2",304,304,"Positive",94,0
0.283,1477,96,"S003","S2",304,304,"Positive",95,0
0.284,2828,97,"S003","S2",304,304,"Positive",96,0
0.283,1426,98,"S003","S2",304,304,"Positive",97,0
0.383,101,99,"S003","S2",305,305,"Positive",98,0
0.3,1351,100,"S003","S2",304,304,"Positive",99,0
0.267,3486,101,"S003","S2",304,304,"Positive",100,0
0.3,3451,102,"S003","S2",304,304,"Positive",101,0
0.3,2456,103,"S003","S2",304,304,"Positive",102,0
0.283,2964,104,"S003","S2",304,304,"Positive",103,0
0.383,3221,105,"S003","S2",305,305,"Positive",104,0
0.317,2589,106,"S003","S2",305,305,"Positive",105,0
0.367,3354,107,"S003","S2",305,305,"Positive",106,0
0.317,892,108,"S003","S2",305,305,"Positive",107,0
0.533,273,109,"S003","S2",307,307,"Positive",108,0
0.3,2062,110,"S003","S2",307,307,"Positive",109,0
0.317,2923,111,"S003","S2",308,308,"Positive",110,0
0.283,2748,112,"S003","S2",307,307,"Positive",111,0
0.283,2412,113,"S003","S2",307,307,"Positive",112,0
0.383,3429,114,"S003","S2",308,308,"Positive",113,0
0.3,1915,115,"S003","S2",308,308,"Positive",114,0
0.35,1492,116,"S003","S2",308,308,"Positive",115,0
0.367,1156,117,"S003","S2",309,309,"Positive",116,0
0.3,3237,118,"S003","S2",308,308,"Positive",117,0
0.383,353,119,"S003","S2",309,309,"Positive",118,0
0.3,3063,120,"S003","S2",309,309,"Positive",119,0
0.35,3459,1,"S004","S1",NA,350,"Positive",0,0
0.35,545,2,"S004","S1",350,350,"Positive",1,0
0.283,1875,3,"S004","S1",328,328,"Positive",2,0
0.5,217,4,"S004","S1",371,371,"Positive",3,0
0.267,2333,5,"S004","S1",350,350,"Positive",4,0
0.283,1828,6,"S004","S1",339,339,"Positive",5,0
0.4,212,7,"S004","S1",348,348,"Positive",6,0
0.333,3487,8,"S004","S1",346,346,"Positive",7,0
0.283,2064,9,"S004","S1",339,339,"Positive",8,0
0.3,476,10,"S004","S1",335,335,"Positive",9,0
0.25,1043,11,"S004","S1",327,327,"Positive",10,0
0.3,322,12,"S004","S1",325,325,"Positive",11,0
0.267,3316,13,"S004","S1",321,321,"Positive",12,0
0.267,122,14,"S004","S1",317,317,"Positive",13,0
0.25,740,15,"S004","S1",312,312,"Positive",14,0
0.25,654,16,"S004","S1",308,308,"Positive",15,0
0.267,2294,17,"S004","S1",306,306,"Positive",16,0
0.267,2974,18,"S004","S1",304,304,"Positive",17,0
0.367,279,19,"S004","S1",307,307,"Positive",18,0
0.25,1284,20,"S004","S1",304,304,"Positive",19,0
0.283,2851,21,"S004","S1",303,303,"Positive",20,0
0.267,3410,22,"S004","S1",301,301,"Positive",21,0
0.25,2937,23,"S004","S1",299,299,"Positive",22,0
0.316,101,24,"S004","S1",300,300,"Positive",23,0
0.3,1769,25,"S004","S1",300,300,"Positive",24,0
0.25,1857,26,"S004","S1",298,298,"Positive",25,0
0.25,1882,27,"S004","S1",296,296,"Positive",26,0
0.233,1913,28,"S004","S1",294,294,"Positive",27,0
0.25,2933,29,"S004","S1",292,292,"Positive",28,0
0.25,2672,30,"S004","S1",291,291,"Positive",29,0
0.316,661,31,"S004","S1",292,292,"Positive",30,0
0.266,1613,32,"S004","S1",291,291,"Positive",31,0
0.267,480,33,"S004","S1",290,290,"Positive",32,0
0.25,2019,34,"S004","S1",289,289,"Positive",33,0
0.267,1384,35,"S004","S1",289,289,"Positive",34,0
0.267,3457,36,"S004","S1",288,288,"Positive",35,0
0.233,2194,37,"S004","S1",286,286,"Positive",36,0
0.25,3198,38,"S004","S1",285,285,"Positive",37,0
0.267,1633,39,"S004","S1",285,285,"Positive",38,0
0.267,394,40,"S004","S1",285,285,"Positive",39,0
0.283,329,41,"S004","S1",285,285,"Positive",40,0
0.25,1686,42,"S004","S1",284,284,"Positive",41,0
0.25,1627,43,"S004","S1",283,283,"Positive",42,0
0.267,2115,44,"S004","S1",283,283,"Positive",43,0
0.267,2480,45,"S004","S1",282,282,"Positive",44,0
0.283,356,46,"S004","S1",282,282,"Positive",45,0
0.25,3368,47,"S004","S1",282,282,"Positive",46,0
0.283,1487,48,"S004","S1",282,282,"Positive",47,0
0.233,2561,49,"S004","S1",281,281,"Positive",48,0
0.3,634,50,"S004","S1",281,281,"Positive",49,0
0.5,355,51,"S004","S1",285,285,"Positive",50,0
0.3,1061,52,"S004","S1",286,286,"Positive",51,0
0.267,2104,53,"S004","S1",285,285,"Positive",52,0
0.267,2926,54,"S004","S1",285,285,"Positive",53,0
0.25,3386,55,"S004","S1",284,284,"Positive",54,0
0.267,3365,56,"S004","S1",284,284,"Positive",55,0
0.3,2507,57,"S004","S1",284,284,"Positive",56,0
0.283,839,58,"S004","S1",284,284,"Positive",57,0
0.267,2951,59,"S004","S1",284,284,"Positive",58,0
0.283,1943,60,"S004","S1",284,284,"Positive",59,0
0.283,2310,61,"S004","S1",284,284,"Positive",60,0
0.3,1378,62,"S004","S1",284,284,"Positive",61,0
0.267,3000,63,"S004","S1",284,284,"Positive",62,0
0.267,3458,64,"S004","S1",284,284,"Positive",63,0
0.317,1564,65,"S004","S1",284,284,"Positive",64,0
0.267,3235,66,"S004","S1",284,284,"Positive",65,0
0.25,3137,67,"S004","S1",283,283,"Positive",66,0
0.25,1673,68,"S004","S1",283,283,"Positive",67,0
0.283,2275,69,"S004","S1",283,283,"Positive",68,0
0.267,1557,70,"S004","S1",283,283,"Positive",69,0
0.25,1320,71,"S004","S1",282,282,"Positive",70,0
0.267,3036,72,"S004","S1",282,282,"Positive",71,0
0.3,1114,73,"S004","S1",282,282,"Positive",72,0
0.3,1049,74,"S004","S1",282,282,"Positive",73,0
0.25,2460,75,"S004","S1",282,282,"Positive",74,0
0.267,1643,76,"S004","S1",282,282,"Positive",75,0
0.25,1783,77,"S004","S1",281,281,"Positive",76,0
0.35,176,78,"S004","S1",282,282,"Positive",77,0
0.267,1357,79,"S004","S1",282,282,"Positive",78,0
0.25,1865,80,"S004","S1",282,282,"Positive",79,0
0.317,383,81,"S004","S1",282,282,"Positive",80,0
0.267,3441,82,"S004","S1",282,282,"Positive",81,0
0.267,1580,83,"S004","S1",282,282,"Positive",82,0
0.3,1689,84,"S004","S1",282,282,"Positive",83,0
0.283,1461,85,"S004","S1",282,282,"Positive",84,0
0.367,304,86,"S004","S1",283,283,"Positive",85,0
0.283,3236,87,"S004","S1",283,283,"Positive",86,0
0.267,1049,88,"S004","S1",283,283,"Positive",87,0
0.317,1860,89,"S004","S1",283,283,"Positive",88,0
0.316,640,90,"S004","S1",283,283,"Positive",89,0
0.267,2799,91,"S004","S1",283,283,"Positive",90,0
0.266,3367,92,"S004","S1",283,283,"Positive",91,0
0.367,848,93,"S004","S1",284,284,"Positive",92,0
0.267,1943,94,"S004","S1",284,284,"Positive",93,0
0.267,2368,95,"S004","S1",284,284,"Positive",94,0
0.283,650,96,"S004","S1",284,284,"Positive",95,0
0.25,2397,97,"S004","S1",283,283,"Positive",96,0
0.25,1542,98,"S004","S1",283,283,"Positive",97,0
0.283,979,99,"S004","S1",283,283,"Positive",98,0
0.283,642,100,"S004","S1",283,283,"Positive",99,0
0.267,1852,101,"S004","S1",283,283,"Positive",100,0
0.283,1373,102,"S004","S1",283,283,"Positive",101,0
0.25,2341,103,"S004","S1",282,282,"Positive",102,0
0.25,3489,104,"S004","S1",282,282,"Positive",103,0
0.317,2937,105,"S004","S1",283,283,"Positive",104,0
0.267,1134,106,"S004","S1",282,282,"Positive",105,0
0.317,2012,107,"S004","S1",283,283,"Positive",106,0
0.25,2864,108,"S004","S1",282,282,"Positive",107,0
0.367,1407,109,"S004","S1",283,283,"Positive",108,0
0.25,2294,110,"S004","S1",283,283,"Positive",109,0
0.25,2860,111,"S004","S1",283,283,"Positive",110,0
0.267,3056,112,"S004","S1",282,282,"Positive",111,0
0.35,589,113,"S004","S1",283,283,"Positive",112,0
0.25,2471,114,"S004","S1",283,283,"Positive",113,0
0.266,3120,115,"S004","S1",283,283,"Positive",114,0
0.333,619,116,"S004","S1",283,283,"Positive",115,0
0.283,3132,117,"S004","S1",283,283,"Positive",116,0
0.25,1806,118,"S004","S1",283,283,"Positive",117,0
0.283,1798,119,"S004","S1",283,283,"Positive",118,0
0.233,1505,120,"S004","S1",282,282,"Positive",119,0
0.333,1257,1,"S004","S2",NA,333,"Positive",0,0
0.283,1353,2,"S004","S2",308,308,"Positive",1,0
0.267,767,3,"S004","S2",294,294,"Positive",2,0
0.25,262,4,"S004","S2",283,283,"Positive",3,0
0.25,1211,5,"S004","S2",277,277,"Positive",4,0
0.267,3281,6,"S004","S2",275,275,"Positive",5,0
0.233,972,7,"S004","S2",269,269,"Positive",6,0
0.25,1989,8,"S004","S2",267,267,"Positive",7,0
0.25,3051,9,"S004","S2",265,265,"Positive",8,0
0.317,271,10,"S004","S2",270,270,"Positive",9,0
0.233,2145,11,"S004","S2",267,267,"Positive",10,0
0.25,1001,12,"S004","S2",265,265,"Positive",11,0
0.25,2670,13,"S004","S2",264,264,"Positive",12,0
0.283,1291,14,"S004","S2",265,265,"Positive",13,0
0.267,1161,15,"S004","S2",265,265,"Positive",14,0
0.25,2556,16,"S004","S2",265,265,"Positive",15,0
0.267,210,17,"S004","S2",265,265,"Positive",16,0
0.333,455,18,"S004","S2",268,268,"Positive",17,0
0.283,1321,19,"S004","S2",269,269,"Positive",18,0
0.233,795,20,"S004","S2",267,267,"Positive",19,0
0.3,1470,21,"S004","S2",269,269,"Positive",20,0
0.25,2500,22,"S004","S2",268,268,"Positive",21,0
0.3,3202,23,"S004","S2",270,270,"Positive",22,0
0.233,2174,24,"S004","S2",268,268,"Positive",23,0
0.266,3128,25,"S004","S2",268,268,"Positive",24,0
0.317,718,26,"S004","S2",270,270,"Positive",25,0
0.25,2899,27,"S004","S2",269,269,"Positive",26,0
0.3,1371,28,"S004","S2",270,270,"Positive",27,0
0.267,2005,29,"S004","S2",270,270,"Positive",28,0
0.283,2416,30,"S004","S2",271,271,"Positive",29,0
0.35,641,31,"S004","S2",273,273,"Positive",30,0
0.25,1134,33,"S004","S2",266,266,"Positive",32,0
0.283,862,34,"S004","S2",266,266,"Positive",33,0
0.25,621,35,"S004","S2",266,266,"Positive",34,0
0.234,571,36,"S004","S2",265,265,"Positive",35,0
0.25,2411,37,"S004","S2",264,264,"Positive",36,0
0.234,2634,38,"S004","S2",264,264,"Positive",37,0
0.25,1291,39,"S004","S2",263,263,"Positive",38,0
0.25,1322,40,"S004","S2",263,263,"Positive",39,0
0.3,134,41,"S004","S2",264,264,"Positive",40,0
0.283,1972,42,"S004","S2",264,264,"Positive",41,0
0.233,2864,43,"S004","S2",264,264,"Positive",42,0
0.233,2077,44,"S004","S2",263,263,"Positive",43,0
0.25,2079,45,"S004","S2",263,263,"Positive",44,0
0.233,3217,46,"S004","S2",262,262,"Positive",45,0
0.25,2947,47,"S004","S2",262,262,"Positive",46,0
0.25,2587,48,"S004","S2",261,261,"Positive",47,0
0.267,3453,49,"S004","S2",262,262,"Positive",48,0
0.25,3050,50,"S004","S2",261,261,"Positive",49,0
0.267,1888,51,"S004","S2",261,261,"Positive",50,0
0.267,1227,52,"S004","S2",262,262,"Positive",51,0
0.367,234,53,"S004","S2",264,264,"Positive",52,0
0.283,3388,54,"S004","S2",264,264,"Positive",53,0
0.25,3058,55,"S004","S2",264,264,"Positive",54,0
0.3,612,56,"S004","S2",264,264,"Positive",55,0
0.25,2709,57,"S004","S2",264,264,"Positive",56,0
0.3,641,58,"S004","S2",265,265,"Positive",57,0
0.267,2522,60,"S004","S2",279,279,"Positive",59,0
0.267,3389,61,"S004","S2",279,279,"Positive",60,0
0.3,524,62,"S004","S2",280,280,"Positive",61,0
0.283,436,63,"S004","S2",280,280,"Positive",62,0
0.3,639,64,"S004","S2",280,280,"Positive",63,0
0.317,3408,65,"S004","S2",280,280,"Positive",64,0
0.25,3089,66,"S004","S2",280,280,"Positive",65,0
0.267,1750,67,"S004","S2",280,280,"Positive",66,0
0.25,3402,68,"S004","S2",279,279,"Positive",67,0
0.367,1055,69,"S004","S2",281,281,"Positive",68,0
0.233,3130,70,"S004","S2",280,280,"Positive",69,0
0.25,2763,71,"S004","S2",280,280,"Positive",70,0
0.25,2681,72,"S004","S2",279,279,"Positive",71,0
0.233,2924,73,"S004","S2",279,279,"Positive",72,0
0.283,1955,74,"S004","S2",279,279,"Positive",73,0
0.317,1187,75,"S004","S2",279,279,"Positive",74,0
0.267,1080,76,"S004","S2",279,279,"Positive",75,0
0.25,2945,77,"S004","S2",279,279,"Positive",76,0
0.25,1960,78,"S004","S2",278,278,"Positive",77,0
0.267,1060,79,"S004","S2",278,278,"Positive",78,0
0.233,2895,80,"S004","S2",277,277,"Positive",79,0
0.267,1527,81,"S004","S2",277,277,"Positive",80,0
0.25,1392,82,"S004","S2",277,277,"Positive",81,0
0.25,2184,83,"S004","S2",277,277,"Positive",82,0
0.3,323,84,"S004","S2",277,277,"Positive",83,0
0.25,2445,85,"S004","S2",277,277,"Positive",84,0
0.267,3170,86,"S004","S2",277,277,"Positive",85,0
0.283,1335,87,"S004","S2",277,277,"Positive",86,0
0.25,3104,88,"S004","S2",276,276,"Positive",87,0
0.283,1090,89,"S004","S2",276,276,"Positive",88,0
0.25,1215,90,"S004","S2",276,276,"Positive",89,0
0.25,2836,91,"S004","S2",276,276,"Positive",90,0
0.25,1549,92,"S004","S2",276,276,"Positive",91,0
0.317,949,93,"S004","S2",276,276,"Positive",92,0
0.267,3365,94,"S004","S2",276,276,"Positive",93,0
0.25,2800,95,"S004","S2",276,276,"Positive",94,0
0.3,1110,96,"S004","S2",276,276,"Positive",95,0
0.483,558,97,"S004","S2",278,278,"Positive",96,0
0.283,1116,98,"S004","S2",278,278,"Positive",97,0
0.233,3464,99,"S004","S2",278,278,"Positive",98,0
0.25,2995,100,"S004","S2",277,277,"Positive",99,0
0.25,2692,101,"S004","S2",277,277,"Positive",100,0
0.367,310,102,"S004","S2",278,278,"Positive",101,0
0.233,2649,103,"S004","S2",277,277,"Positive",102,0
0.283,1964,104,"S004","S2",278,278,"Positive",103,0
0.25,2252,105,"S004","S2",277,277,"Positive",104,0
0.266,3440,106,"S004","S2",277,277,"Positive",105,0
0.283,1125,107,"S004","S2",277,277,"Positive",106,0
0.233,2701,108,"S004","S2",277,277,"Positive",107,0
0.317,1132,109,"S004","S2",277,277,"Positive",108,0
0.334,358,110,"S004","S2",278,278,"Positive",109,0
0.283,1148,111,"S004","S2",278,278,"Positive",110,0
0.283,1321,112,"S004","S2",278,278,"Positive",111,0
0.283,2060,113,"S004","S2",278,278,"Positive",112,0
0.283,1726,114,"S004","S2",278,278,"Positive",113,0
0.267,2810,115,"S004","S2",278,278,"Positive",114,0
0.267,2579,116,"S004","S2",278,278,"Positive",115,0
0.283,1743,117,"S004","S2",278,278,"Positive",116,0
0.3,2988,118,"S004","S2",278,278,"Positive",117,0
0.35,568,119,"S004","S2",279,279,"Positive",118,0
0.333,666,120,"S004","S2",279,279,"Positive",119,0
0.283,1667,2,"S006","S1",617,617,"Positive",1,0
0.333,2542,3,"S006","S1",522,522,"Positive",2,0
0.283,3328,4,"S006","S1",463,463,"Positive",3,0
0.3,1969,5,"S006","S1",430,430,"Positive",4,0
0.35,3124,6,"S006","S1",417,417,"Positive",5,0
0.266,2917,7,"S006","S1",395,395,"Positive",6,0
0.283,2443,8,"S006","S1",381,381,"Positive",7,0
0.433,120,9,"S006","S1",387,387,"Positive",8,0
0.3,787,10,"S006","S1",378,378,"Positive",9,0
0.3,2111,11,"S006","S1",371,371,"Positive",10,0
0.3,296,12,"S006","S1",365,365,"Positive",11,0
0.283,2597,13,"S006","S1",359,359,"Positive",12,0
0.283,2145,14,"S006","S1",354,354,"Positive",13,0
0.283,1152,15,"S006","S1",349,349,"Positive",14,0
0.266,1759,16,"S006","S1",344,344,"Positive",15,0
0.267,959,17,"S006","S1",339,339,"Positive",16,0
0.3,2553,18,"S006","S1",337,337,"Positive",17,0
0.3,726,19,"S006","S1",335,335,"Positive",18,0
0.284,2724,20,"S006","S1",332,332,"Positive",19,0
0.35,2965,21,"S006","S1",333,333,"Positive",20,0
0.367,748,22,"S006","S1",335,335,"Positive",21,0
0.367,3424,23,"S006","S1",336,336,"Positive",22,0
0.367,2909,24,"S006","S1",337,337,"Positive",23,0
0.35,441,25,"S006","S1",338,338,"Positive",24,0
0.35,2320,26,"S006","S1",338,338,"Positive",25,0
0.283,795,27,"S006","S1",336,336,"Positive",26,0
0.3,709,28,"S006","S1",335,335,"Positive",27,0
0.283,2336,29,"S006","S1",333,333,"Positive",28,0
0.283,1633,30,"S006","S1",332,332,"Positive",29,0
0.283,481,31,"S006","S1",330,330,"Positive",30,0
0.3,800,32,"S006","S1",329,329,"Positive",31,0
0.283,1717,33,"S006","S1",328,328,"Positive",32,0
0.317,3245,34,"S006","S1",327,327,"Positive",33,0
0.267,439,35,"S006","S1",326,326,"Positive",34,0
0.317,1147,36,"S006","S1",325,325,"Positive",35,0
0.317,2785,37,"S006","S1",325,325,"Positive",36,0
0.283,810,38,"S006","S1",324,324,"Positive",37,0
0.25,3223,39,"S006","S1",322,322,"Positive",38,0
0.267,2867,40,"S006","S1",321,321,"Positive",39,0
0.35,996,41,"S006","S1",322,322,"Positive",40,0
0.333,1489,42,"S006","S1",322,322,"Positive",41,0
0.333,189,43,"S006","S1",322,322,"Positive",42,0
0.317,932,44,"S006","S1",322,322,"Positive",43,0
0.35,2696,45,"S006","S1",323,323,"Positive",44,0
0.3,3035,46,"S006","S1",322,322,"Positive",45,0
0.317,2171,47,"S006","S1",322,322,"Positive",46,0
0.317,2365,48,"S006","S1",322,322,"Positive",47,0
0.4,899,49,"S006","S1",323,323,"Positive",48,0
0.483,2095,50,"S006","S1",327,327,"Positive",49,0
0.417,360,51,"S006","S1",328,328,"Positive",50,0
0.367,2101,52,"S006","S1",329,329,"Positive",51,0
0.433,1934,53,"S006","S1",331,331,"Positive",52,0
0.35,2438,54,"S006","S1",331,331,"Positive",53,0
0.317,1474,55,"S006","S1",331,331,"Positive",54,0
0.3,2988,56,"S006","S1",331,331,"Positive",55,0
0.3,879,57,"S006","S1",330,330,"Positive",56,0
0.3,889,58,"S006","S1",330,330,"Positive",57,0
0.467,3400,59,"S006","S1",332,332,"Positive",58,0
0.317,1441,60,"S006","S1",332,332,"Positive",59,0
0.316,1084,61,"S006","S1",331,331,"Positive",60,0
0.267,2663,62,"S006","S1",330,330,"Positive",61,0
0.617,2506,63,"S006","S1",335,335,"Positive",62,0
0.283,3432,64,"S006","S1",334,334,"Positive",63,0
0.284,1557,65,"S006","S1",333,333,"Positive",64,0
0.333,405,66,"S006","S1",333,333,"Positive",65,0
0.333,2668,67,"S006","S1",333,333,"Positive",66,0
0.283,2299,68,"S006","S1",333,333,"Positive",67,0
0.317,2403,69,"S006","S1",332,332,"Positive",68,0
0.283,1663,70,"S006","S1",332,332,"Positive",69,0
0.333,2230,71,"S006","S1",332,332,"Positive",70,0
0.3,2511,72,"S006","S1",331,331,"Positive",71,0
0.317,3038,73,"S006","S1",331,331,"Positive",72,0
0.35,2183,74,"S006","S1",331,331,"Positive",73,0
0.383,2755,75,"S006","S1",332,332,"Positive",74,0
0.383,3287,76,"S006","S1",333,333,"Positive",75,0
0.35,2548,77,"S006","S1",333,333,"Positive",76,0
0.317,2267,79,"S006","S1",380,380,"Positive",78,0
0.283,1823,80,"S006","S1",379,379,"Positive",79,0
0.316,784,81,"S006","S1",378,378,"Positive",80,0
0.267,1779,82,"S006","S1",377,377,"Positive",81,0
0.3,306,83,"S006","S1",376,376,"Positive",82,0
0.267,1031,84,"S006","S1",375,375,"Positive",83,0
0.333,2568,85,"S006","S1",374,374,"Positive",84,0
0.383,1238,86,"S006","S1",374,374,"Positive",85,0
0.283,2643,87,"S006","S1",373,373,"Positive",86,0
0.317,205,88,"S006","S1",373,373,"Positive",87,0
0.35,1106,89,"S006","S1",372,372,"Positive",88,0
0.35,1559,90,"S006","S1",372,372,"Positive",89,0
0.316,3313,91,"S006","S1",371,371,"Positive",90,0
0.283,1203,92,"S006","S1",370,370,"Positive",91,0
0.383,859,93,"S006","S1",371,371,"Positive",92,0
0.3,2577,94,"S006","S1",370,370,"Positive",93,0
0.3,2275,95,"S006","S1",369,369,"Positive",94,0
0.35,1998,96,"S006","S1",369,369,"Positive",95,0
0.383,235,97,"S006","S1",369,369,"Positive",96,0
0.3,3393,98,"S006","S1",368,368,"Positive",97,0
0.317,2275,99,"S006","S1",368,368,"Positive",98,0
0.333,3341,100,"S006","S1",367,367,"Positive",99,0
0.35,917,101,"S006","S1",367,367,"Positive",100,0
0.3,1419,102,"S006","S1",367,367,"Positive",101,0
0.317,3010,103,"S006","S1",366,366,"Positive",102,0
0.3,582,104,"S006","S1",366,366,"Positive",103,0
0.283,1709,105,"S006","S1",365,365,"Positive",104,0
0.3,3316,106,"S006","S1",364,364,"Positive",105,0
0.3,1825,107,"S006","S1",364,364,"Positive",106,0
0.333,1678,108,"S006","S1",363,363,"Positive",107,0
0.35,2405,109,"S006","S1",363,363,"Positive",108,0
0.3,3443,110,"S006","S1",363,363,"Positive",109,0
0.333,2723,111,"S006","S1",362,362,"Positive",110,0
0.4,333,112,"S006","S1",363,363,"Positive",111,0
0.3,497,113,"S006","S1",362,362,"Positive",112,0
0.317,2319,114,"S006","S1",362,362,"Positive",113,0
0.3,2002,115,"S006","S1",361,361,"Positive",114,0
0.3,1047,116,"S006","S1",361,361,"Positive",115,0
0.317,3453,117,"S006","S1",360,360,"Positive",116,0
0.35,2657,118,"S006","S1",360,360,"Positive",117,0
0.467,2546,119,"S006","S1",361,361,"Positive",118,0
0.283,2991,120,"S006","S1",360,360,"Positive",119,0
0.4,1864,1,"S006","S2",NA,400,"Positive",0,0
0.367,663,2,"S006","S2",384,384,"Positive",1,0
0.333,2970,3,"S006","S2",367,367,"Positive",2,0
0.35,552,4,"S006","S2",363,363,"Positive",3,0
0.3,546,5,"S006","S2",350,350,"Positive",4,0
0.366,2668,6,"S006","S2",353,353,"Positive",5,0
0.5,2486,7,"S006","S2",374,374,"Positive",6,0
0.334,2277,8,"S006","S2",369,369,"Positive",7,0
0.367,501,9,"S006","S2",369,369,"Positive",8,0
0.316,2851,10,"S006","S2",363,363,"Positive",9,0
0.35,1220,11,"S006","S2",362,362,"Positive",10,0
0.3,1492,12,"S006","S2",357,357,"Positive",11,0
0.35,2293,13,"S006","S2",356,356,"Positive",12,0
0.4,1891,14,"S006","S2",360,360,"Positive",13,0
0.433,494,15,"S006","S2",364,364,"Positive",14,0
0.267,2432,16,"S006","S2",358,358,"Positive",15,0
0.283,781,17,"S006","S2",354,354,"Positive",16,0
0.25,2794,18,"S006","S2",348,348,"Positive",17,0
0.25,3197,19,"S006","S2",343,343,"Positive",18,0
0.3,662,20,"S006","S2",341,341,"Positive",19,0
0.317,2756,21,"S006","S2",340,340,"Positive",20,0
0.333,3064,22,"S006","S2",339,339,"Positive",21,0
0.366,1022,23,"S006","S2",341,341,"Positive",22,0
0.3,1966,24,"S006","S2",339,339,"Positive",23,0
0.433,2751,25,"S006","S2",343,343,"Positive",24,0
0.4,1600,26,"S006","S2",345,345,"Positive",25,0
0.35,2404,27,"S006","S2",345,345,"Positive",26,0
0.317,2439,28,"S006","S2",344,344,"Positive",27,0
0.3,1834,29,"S006","S2",343,343,"Positive",28,0
0.3,829,30,"S006","S2",341,341,"Positive",29,0
0.3,3359,31,"S006","S2",340,340,"Positive",30,0
0.383,254,32,"S006","S2",341,341,"Positive",31,0
0.317,3307,33,"S006","S2",340,340,"Positive",32,0
0.483,219,34,"S006","S2",345,345,"Positive",33,0
0.316,3307,35,"S006","S2",344,344,"Positive",34,0
0.316,337,36,"S006","S2",343,343,"Positive",35,0
0.367,2623,37,"S006","S2",344,344,"Positive",36,0
0.283,2213,38,"S006","S2",342,342,"Positive",37,0
0.25,1980,39,"S006","S2",340,340,"Positive",38,0
0.334,1530,40,"S006","S2",340,340,"Positive",39,0
0.3,664,41,"S006","S2",339,339,"Positive",40,0
0.283,3234,42,"S006","S2",337,337,"Positive",41,0
0.35,855,43,"S006","S2",338,338,"Positive",42,0
0.283,2835,44,"S006","S2",336,336,"Positive",43,0
0.267,3192,45,"S006","S2",335,335,"Positive",44,0
0.283,3260,46,"S006","S2",334,334,"Positive",45,0
0.484,3258,47,"S006","S2",337,337,"Positive",46,0
0.317,1193,48,"S006","S2",336,336,"Positive",47,0
0.3,1371,49,"S006","S2",336,336,"Positive",48,0
0.267,2270,50,"S006","S2",334,334,"Positive",49,0
0.283,3084,51,"S006","S2",333,333,"Positive",50,0
0.367,815,52,"S006","S2",334,334,"Positive",51,0
0.3,3078,53,"S006","S2",333,333,"Positive",52,0
0.3,2265,54,"S006","S2",333,333,"Positive",53,0
0.383,343,55,"S006","S2",334,334,"Positive",54,0
0.333,816,56,"S006","S2",334,334,"Positive",55,0
0.333,1808,57,"S006","S2",334,334,"Positive",56,0
0.267,3207,58,"S006","S2",332,332,"Positive",57,0
0.3,3282,59,"S006","S2",332,332,"Positive",58,0
0.333,2710,60,"S006","S2",332,332,"Positive",59,0
0.383,249,61,"S006","S2",333,333,"Positive",60,0
0.317,1177,62,"S006","S2",333,333,"Positive",61,0
0.383,1424,63,"S006","S2",333,333,"Positive",62,0
0.35,1770,64,"S006","S2",334,334,"Positive",63,0
0.3,1891,65,"S006","S2",333,333,"Positive",64,0
0.333,413,66,"S006","S2",333,333,"Positive",65,0
0.284,1011,67,"S006","S2",332,332,"Positive",66,0
0.267,3202,68,"S006","S2",331,331,"Positive",67,0
0.317,1399,69,"S006","S2",331,331,"Positive",68,0
0.317,1104,70,"S006","S2",331,331,"Positive",69,0
0.267,3389,71,"S006","S2",330,330,"Positive",70,0
0.3,1536,72,"S006","S2",330,330,"Positive",71,0
0.283,2544,73,"S006","S2",329,329,"Positive",72,0
0.367,557,74,"S006","S2",330,330,"Positive",73,0
0.367,2420,75,"S006","S2",330,330,"Positive",74,0
0.317,2352,76,"S006","S2",330,330,"Positive",75,0
0.3,2515,77,"S006","S2",329,329,"Positive",76,0
0.3,1372,78,"S006","S2",329,329,"Positive",77,0
0.35,3424,79,"S006","S2",329,329,"Positive",78,0
0.283,2465,80,"S006","S2",329,329,"Positive",79,0
0.283,3010,81,"S006","S2",328,328,"Positive",80,0
0.333,1488,82,"S006","S2",328,328,"Positive",81,0
0.283,2049,83,"S006","S2",328,328,"Positive",82,0
0.284,2084,84,"S006","S2",327,327,"Positive",83,0
0.283,2552,85,"S006","S2",327,327,"Positive",84,0
0.383,218,86,"S006","S2",327,327,"Positive",85,0
0.284,1669,87,"S006","S2",327,327,"Positive",86,0
0.267,2204,88,"S006","S2",326,326,"Positive",87,0
0.3,2847,89,"S006","S2",326,326,"Positive",88,0
0.3,1314,90,"S006","S2",326,326,"Positive",89,0
0.283,2238,91,"S006","S2",325,325,"Positive",90,0
0.267,3238,92,"S006","S2",324,324,"Positive",91,0
0.333,175,93,"S006","S2",325,325,"Positive",92,0
0.35,182,94,"S006","S2",325,325,"Positive",93,0
0.433,391,95,"S006","S2",326,326,"Positive",94,0
0.367,3354,96,"S006","S2",326,326,"Positive",95,0
0.3,3323,97,"S006","S2",326,326,"Positive",96,0
0.45,1772,98,"S006","S2",327,327,"Positive",97,0
0.35,2294,99,"S006","S2",328,328,"Positive",98,0
0.3,3032,100,"S006","S2",327,327,"Positive",99,0
0.317,3029,101,"S006","S2",327,327,"Positive",100,0
0.35,2613,102,"S006","S2",327,327,"Positive",101,0
0.3,2199,103,"S006","S2",327,327,"Positive",102,0
0.283,2856,104,"S006","S2",327,327,"Positive",103,0
0.266,3048,105,"S006","S2",326,326,"Positive",104,0
0.317,691,106,"S006","S2",326,326,"Positive",105,0
0.3,1435,107,"S006","S2",326,326,"Positive",106,0
0.3,908,108,"S006","S2",326,326,"Positive",107,0
0.317,852,109,"S006","S2",326,326,"Positive",108,0
0.333,510,110,"S006","S2",326,326,"Positive",109,0
0.4,212,111,"S006","S2",326,326,"Positive",110,0
0.317,593,112,"S006","S2",326,326,"Positive",111,0
0.267,2808,113,"S006","S2",326,326,"Positive",112,0
0.267,811,114,"S006","S2",325,325,"Positive",113,0
0.283,1490,115,"S006","S2",325,325,"Positive",114,0
0.3,2620,116,"S006","S2",325,325,"Positive",115,0
0.333,252,117,"S006","S2",325,325,"Positive",116,0
0.3,2027,118,"S006","S2",324,324,"Positive",117,0
0.233,2227,119,"S006","S2",324,324,"Positive",118,0
0.317,830,120,"S006","S2",324,324,"Positive",119,0
0.7,1863,1,"S008","S1",NA,700,"Positive",0,0
0.334,2446,2,"S008","S1",517,517,"Positive",1,0
0.317,2117,3,"S008","S1",450,450,"Positive",2,0
0.25,2959,4,"S008","S1",400,400,"Positive",3,0
0.267,2449,5,"S008","S1",373,373,"Positive",4,0
0.35,1241,6,"S008","S1",369,369,"Positive",5,0
0.25,1640,7,"S008","S1",352,352,"Positive",6,0
0.333,476,8,"S008","S1",350,350,"Positive",7,0
0.283,2354,9,"S008","S1",343,343,"Positive",8,0
0.267,1437,10,"S008","S1",335,335,"Positive",9,0
0.25,2328,11,"S008","S1",327,327,"Positive",10,0
0.35,384,12,"S008","S1",329,329,"Positive",11,0
0.266,2446,13,"S008","S1",324,324,"Positive",12,0
0.367,3257,14,"S008","S1",327,327,"Positive",13,0
0.367,1281,15,"S008","S1",330,330,"Positive",14,0
0.266,2444,16,"S008","S1",326,326,"Positive",15,0
0.35,263,17,"S008","S1",327,327,"Positive",16,0
0.317,256,18,"S008","S1",327,327,"Positive",17,0
0.25,2164,19,"S008","S1",323,323,"Positive",18,0
0.267,1724,20,"S008","S1",320,320,"Positive",19,0
0.283,1578,21,"S008","S1",318,318,"Positive",20,0
0.25,963,22,"S008","S1",315,315,"Positive",21,0
0.233,1384,23,"S008","S1",312,312,"Positive",22,0
0.3,663,24,"S008","S1",311,311,"Positive",23,0
0.433,1446,25,"S008","S1",316,316,"Positive",24,0
0.383,1782,26,"S008","S1",319,319,"Positive",25,0
0.267,2168,27,"S008","S1",317,317,"Positive",26,0
0.267,700,28,"S008","S1",315,315,"Positive",27,0
0.267,2804,29,"S008","S1",313,313,"Positive",28,0
0.283,2106,30,"S008","S1",312,312,"Positive",29,0
0.25,2386,31,"S008","S1",310,310,"Positive",30,0
0.3,2408,32,"S008","S1",310,310,"Positive",31,0
0.267,3486,33,"S008","S1",309,309,"Positive",32,0
0.317,1047,34,"S008","S1",309,309,"Positive",33,0
0.317,2837,35,"S008","S1",309,309,"Positive",34,0
0.367,582,36,"S008","S1",311,311,"Positive",35,0
0.333,865,37,"S008","S1",311,311,"Positive",36,0
0.267,1536,38,"S008","S1",310,310,"Positive",37,0
0.3,402,39,"S008","S1",310,310,"Positive",38,0
0.267,393,40,"S008","S1",309,309,"Positive",39,0
0.283,578,41,"S008","S1",308,308,"Positive",40,0
0.267,1236,42,"S008","S1",307,307,"Positive",41,0
0.25,1923,43,"S008","S1",306,306,"Positive",42,0
0.267,2256,44,"S008","S1",305,305,"Positive",43,0
0.283,3439,45,"S008","S1",304,304,"Positive",44,0
0.35,634,46,"S008","S1",305,305,"Positive",45,0
0.267,2356,47,"S008","S1",305,305,"Positive",46,0
0.283,773,48,"S008","S1",304,304,"Positive",47,0
0.317,3458,49,"S008","S1",304,304,"Positive",48,0
0.283,2490,50,"S008","S1",304,304,"Positive",49,0
0.267,1419,51,"S008","S1",303,303,"Positive",50,0
0.267,434,52,"S008","S1",303,303,"Positive",51,0
0.3,799,53,"S008","S1",303,303,"Positive",52,0
0.266,1011,54,"S008","S1",302,302,"Positive",53,0
0.3,2852,55,"S008","S1",302,302,"Positive",54,0
0.267,2605,56,"S008","S1",301,301,"Positive",55,0
0.25,3060,57,"S008","S1",300,300,"Positive",56,0
0.333,2586,58,"S008","S1",301,301,"Positive",57,0
0.483,1493,59,"S008","S1",304,304,"Positive",58,0
0.283,2619,60,"S008","S1",304,304,"Positive",59,0
0.283,1978,61,"S008","S1",303,303,"Positive",60,0
0.333,837,62,"S008","S1",304,304,"Positive",61,0
0.267,2209,63,"S008","S1",303,303,"Positive",62,0
0.267,2950,64,"S008","S1",303,303,"Positive",63,0
0.317,812,65,"S008","S1",303,303,"Positive",64,0
0.283,2949,66,"S008","S1",303,303,"Positive",65,0
0.3,2033,67,"S008","S1",302,302,"Positive",66,0
0.284,3202,68,"S008","S1",302,302,"Positive",67,0
0.333,2537,69,"S008","S1",303,303,"Positive",68,0
0.433,620,70,"S008","S1",305,305,"Positive",69,0
0.35,1114,71,"S008","S1",305,305,"Positive",70,0
0.25,3313,72,"S008","S1",304,304,"Positive",71,0
0.317,542,73,"S008","S1",305,305,"Positive",72,0
0.3,1413,74,"S008","S1",304,304,"Positive",73,0
0.283,1508,75,"S008","S1",304,304,"Positive",74,0
0.267,2919,76,"S008","S1",304,304,"Positive",75,0
0.35,558,77,"S008","S1",304,304,"Positive",76,0
0.333,1450,78,"S008","S1",305,305,"Positive",77,0
0.317,1090,79,"S008","S1",305,305,"Positive",78,0
0.25,3221,80,"S008","S1",304,304,"Positive",79,0
0.317,2950,81,"S008","S1",304,304,"Positive",80,0
0.267,1342,82,"S008","S1",304,304,"Positive",81,0
0.333,419,83,"S008","S1",304,304,"Positive",82,0
0.317,1598,84,"S008","S1",304,304,"Positive",83,0
0.35,1204,85,"S008","S1",305,305,"Positive",84,0
0.283,2810,86,"S008","S1",305,305,"Positive",85,0
0.466,193,87,"S008","S1",307,307,"Positive",86,0
0.25,1807,88,"S008","S1",306,306,"Positive",87,0
0.317,2940,89,"S008","S1",306,306,"Positive",88,0
0.25,3377,90,"S008","S1",305,305,"Positive",89,0
0.267,3458,91,"S008","S1",305,305,"Positive",90,0
0.233,3229,92,"S008","S1",304,304,"Positive",91,0
0.317,838,93,"S008","S1",304,304,"Positive",92,0
0.45,1127,94,"S008","S1",306,306,"Positive",93,0
0.283,1053,95,"S008","S1",306,306,"Positive",94,0
0.3,139,96,"S008","S1",306,306,"Positive",95,0
0.283,330,97,"S008","S1",305,305,"Positive",96,0
0.267,3276,98,"S008","S1",305,305,"Positive",97,0
0.316,2281,99,"S008","S1",305,305,"Positive",98,0
0.384,784,100,"S008","S1",306,306,"Positive",99,0
0.3,1707,101,"S008","S1",306,306,"Positive",100,0
0.333,1928,102,"S008","S1",306,306,"Positive",101,0
0.383,1233,103,"S008","S1",307,307,"Positive",102,0
0.317,947,104,"S008","S1",307,307,"Positive",103,0
0.267,1476,105,"S008","S1",307,307,"Positive",104,0
0.267,2061,106,"S008","S1",306,306,"Positive",105,0
0.317,2915,107,"S008","S1",306,306,"Positive",106,0
0.333,1598,108,"S008","S1",306,306,"Positive",107,0
0.383,577,109,"S008","S1",307,307,"Positive",108,0
0.267,2384,110,"S008","S1",307,307,"Positive",109,0
0.25,2826,111,"S008","S1",306,306,"Positive",110,0
0.417,1739,112,"S008","S1",307,307,"Positive",111,0
0.25,2334,113,"S008","S1",307,307,"Positive",112,0
0.35,112,114,"S008","S1",307,307,"Positive",113,0
0.283,2229,115,"S008","S1",307,307,"Positive",114,0
0.283,331,116,"S008","S1",307,307,"Positive",115,0
0.267,2266,117,"S008","S1",306,306,"Positive",116,0
0.333,3098,118,"S008","S1",307,307,"Positive",117,0
0.3,1941,119,"S008","S1",307,307,"Positive",118,0
0.317,1463,120,"S008","S1",307,307,"Positive",119,0
0.367,1152,1,"S008","S2",NA,367,"Positive",0,0
0.366,3171,2,"S008","S2",367,367,"Positive",1,0
0.283,2111,3,"S008","S2",339,339,"Positive",2,0
0.233,3164,4,"S008","S2",312,312,"Positive",3,0
0.35,2611,5,"S008","S2",320,320,"Positive",4,0
0.3,2176,6,"S008","S2",317,317,"Positive",5,0
0.367,145,7,"S008","S2",324,324,"Positive",6,0
0.283,2482,8,"S008","S2",319,319,"Positive",7,0
0.333,3103,9,"S008","S2",320,320,"Positive",8,0
0.317,2017,10,"S008","S2",320,320,"Positive",9,0
0.3,856,11,"S008","S2",318,318,"Positive",10,0
0.283,3354,12,"S008","S2",315,315,"Positive",11,0
0.3,1680,13,"S008","S2",314,314,"Positive",12,0
0.383,3172,14,"S008","S2",319,319,"Positive",13,0
0.317,2027,15,"S008","S2",319,319,"Positive",14,0
0.267,2371,16,"S008","S2",316,316,"Positive",15,0
0.383,868,17,"S008","S2",320,320,"Positive",16,0
0.267,3408,18,"S008","S2",317,317,"Positive",17,0
0.35,1870,19,"S008","S2",318,318,"Positive",18,0
0.317,927,20,"S008","S2",318,318,"Positive",19,0
0.283,2394,21,"S008","S2",317,317,"Positive",20,0
0.283,2025,22,"S008","S2",315,315,"Positive",21,0
0.3,1185,23,"S008","S2",314,314,"Positive",22,0
0.3,392,24,"S008","S2",314,314,"Positive",23,0
0.333,187,25,"S008","S2",315,315,"Positive",24,0
0.233,2626,26,"S008","S2",312,312,"Positive",25,0
0.283,1564,27,"S008","S2",310,310,"Positive",26,0
0.25,2414,28,"S008","S2",308,308,"Positive",27,0
0.25,2788,29,"S008","S2",306,306,"Positive",28,0
0.25,2167,30,"S008","S2",304,304,"Positive",29,0
0.25,1908,31,"S008","S2",303,303,"Positive",30,0
0.367,705,32,"S008","S2",305,305,"Positive",31,0
0.35,1214,33,"S008","S2",306,306,"Positive",32,0
0.266,1649,34,"S008","S2",305,305,"Positive",33,0
0.317,749,35,"S008","S2",305,305,"Positive",34,0
0.533,302,36,"S008","S2",312,312,"Positive",35,0
0.267,2095,37,"S008","S2",310,310,"Positive",36,0
0.317,2446,38,"S008","S2",310,310,"Positive",37,0
0.367,160,39,"S008","S2",312,312,"Positive",38,0
0.267,3461,40,"S008","S2",311,311,"Positive",39,0
0.35,2426,41,"S008","S2",312,312,"Positive",40,0
0.417,506,42,"S008","S2",314,314,"Positive",41,0
0.283,2334,43,"S008","S2",314,314,"Positive",42,0
0.283,806,44,"S008","S2",313,313,"Positive",43,0
0.267,2933,45,"S008","S2",312,312,"Positive",44,0
0.283,1574,46,"S008","S2",311,311,"Positive",45,0
0.3,763,47,"S008","S2",311,311,"Positive",46,0
0.317,696,48,"S008","S2",311,311,"Positive",47,0
0.25,2313,49,"S008","S2",310,310,"Positive",48,0
0.267,1616,50,"S008","S2",309,309,"Positive",49,0
0.25,1643,51,"S008","S2",308,308,"Positive",50,0
0.333,1942,52,"S008","S2",308,308,"Positive",51,0
0.35,1458,53,"S008","S2",309,309,"Positive",52,0
0.383,632,54,"S008","S2",310,310,"Positive",53,0
0.283,1232,55,"S008","S2",310,310,"Positive",54,0
0.35,154,56,"S008","S2",311,311,"Positive",55,0
0.25,2823,57,"S008","S2",310,310,"Positive",56,0
0.3,2203,58,"S008","S2",309,309,"Positive",57,0
0.267,2792,59,"S008","S2",309,309,"Positive",58,0
0.4,1574,60,"S008","S2",310,310,"Positive",59,0
0.267,1975,61,"S008","S2",310,310,"Positive",60,0
0.367,535,62,"S008","S2",310,310,"Positive",61,0
0.35,1077,63,"S008","S2",311,311,"Positive",62,0
0.433,623,64,"S008","S2",313,313,"Positive",63,0
0.25,2764,65,"S008","S2",312,312,"Positive",64,0
0.317,2431,66,"S008","S2",312,312,"Positive",65,0
0.333,1151,67,"S008","S2",312,312,"Positive",66,0
0.367,937,68,"S008","S2",313,313,"Positive",67,0
0.433,149,69,"S008","S2",315,315,"Positive",68,0
0.284,983,70,"S008","S2",315,315,"Positive",69,0
0.267,2053,71,"S008","S2",314,314,"Positive",70,0
0.25,2471,72,"S008","S2",313,313,"Positive",71,0
0.284,1821,73,"S008","S2",313,313,"Positive",72,0
0.35,521,74,"S008","S2",313,313,"Positive",73,0
0.233,2795,75,"S008","S2",312,312,"Positive",74,0
0.383,151,76,"S008","S2",313,313,"Positive",75,0
0.317,1476,77,"S008","S2",313,313,"Positive",76,0
0.267,2002,78,"S008","S2",312,312,"Positive",77,0
0.25,1753,79,"S008","S2",312,312,"Positive",78,0
0.283,3268,80,"S008","S2",311,311,"Positive",79,0
0.267,3043,81,"S008","S2",311,311,"Positive",80,0
0.3,488,82,"S008","S2",311,311,"Positive",81,0
0.266,2927,83,"S008","S2",310,310,"Positive",82,0
0.283,2102,84,"S008","S2",310,310,"Positive",83,0
0.25,2159,85,"S008","S2",309,309,"Positive",84,0
0.35,1003,86,"S008","S2",309,309,"Positive",85,0
0.267,3045,87,"S008","S2",309,309,"Positive",86,0
0.3,2780,88,"S008","S2",309,309,"Positive",87,0
0.317,1775,89,"S008","S2",309,309,"Positive",88,0
0.267,2606,90,"S008","S2",309,309,"Positive",89,0
0.3,1462,91,"S008","S2",308,308,"Positive",90,0
0.3,871,92,"S008","S2",308,308,"Positive",91,0
0.233,2654,93,"S008","S2",308,308,"Positive",92,0
0.25,2848,94,"S008","S2",307,307,"Positive",93,0
0.383,1744,95,"S008","S2",308,308,"Positive",94,0
0.383,399,96,"S008","S2",308,308,"Positive",95,0
0.317,347,97,"S008","S2",309,309,"Positive",96,0
0.267,2892,98,"S008","S2",308,308,"Positive",97,0
0.25,1950,99,"S008","S2",308,308,"Positive",98,0
0.25,2039,100,"S008","S2",307,307,"Positive",99,0
0.267,3261,101,"S008","S2",307,307,"Positive",100,0
0.35,585,102,"S008","S2",307,307,"Positive",101,0
0.233,2381,103,"S008","S2",306,306,"Positive",102,0
0.267,2659,104,"S008","S2",306,306,"Positive",103,0
0.35,1476,105,"S008","S2",306,306,"Positive",104,0
0.383,110,106,"S008","S2",307,307,"Positive",105,0
0.3,296,107,"S008","S2",307,307,"Positive",106,0
0.267,3447,108,"S008","S2",307,307,"Positive",107,0
0.233,2340,109,"S008","S2",306,306,"Positive",108,0
0.283,1571,110,"S008","S2",306,306,"Positive",109,0
0.25,2202,111,"S008","S2",305,305,"Positive",110,0
0.317,1183,112,"S008","S2",305,305,"Positive",111,0
0.433,247,113,"S008","S2",306,306,"Positive",112,0
0.283,1485,114,"S008","S2",306,306,"Positive",113,0
0.267,827,115,"S008","S2",306,306,"Positive",114,0
0.267,1515,116,"S008","S2",306,306,"Positive",115,0
0.333,320,117,"S008","S2",306,306,"Positive",116,0
0.267,3417,118,"S008","S2",305,305,"Positive",117,0
0.317,1989,119,"S008","S2",306,306,"Positive",118,0
0.267,2949,120,"S008","S2",305,305,"Positive",119,0
