"RT","ISI","Median","Trial","Participant","Session"
517,1638,517,1,"S002","S1"
433,2282,475,2,"S002","S1"
533,739,494,3,"S002","S1"
350,602,458,4,"S002","S1"
517,1951,470,5,"S002","S1"
383,952,456,6,"S002","S1"
383,875,445,7,"S002","S1"
417,2662,442,8,"S002","S1"
367,2800,433,9,"S002","S1"
417,258,432,10,"S002","S1"
317,2285,421,11,"S002","S1"
300,1765,411,12,"S002","S1"
300,1699,403,13,"S002","S1"
350,260,399,14,"S002","S1"
283,2466,391,15,"S002","S1"
333,394,387,16,"S002","S1"
333,418,384,17,"S002","S1"
283,910,379,18,"S002","S1"
283,3128,374,19,"S002","S1"
350,425,372,20,"S002","S1"
317,174,370,21,"S002","S1"
300,3402,367,22,"S002","S1"
316,3084,364,23,"S002","S1"
333,3465,363,24,"S002","S1"
333,2473,362,25,"S002","S1"
350,448,361,26,"S002","S1"
317,150,360,27,"S002","S1"
317,1759,358,28,"S002","S1"
333,246,357,29,"S002","S1"
283,866,355,30,"S002","S1"
317,1123,354,31,"S002","S1"
283,3132,352,32,"S002","S1"
300,2765,350,33,"S002","S1"
367,1110,350,34,"S002","S1"
333,1628,350,35,"S002","S1"
283,3467,348,36,"S002","S1"
250,3284,345,37,"S002","S1"
283,1580,344,38,"S002","S1"
267,1356,342,39,"S002","S1"
300,102,341,40,"S002","S1"
283,2111,339,41,"S002","S1"
300,1957,338,42,"S002","S1"
317,1760,338,43,"S002","S1"
317,1163,337,44,"S002","S1"
333,1087,337,45,"S002","S1"
283,1686,336,46,"S002","S1"
267,2817,335,47,"S002","S1"
300,1264,334,48,"S002","S1"
317,3327,334,49,"S002","S1"
283,2353,333,50,"S002","S1"
267,2482,331,51,"S002","S1"
350,856,332,52,"S002","S1"
317,201,331,53,"S002","S1"
266,1364,330,54,"S002","S1"
250,2388,329,55,"S002","S1"
417,269,330,56,"S002","S1"
283,954,330,57,"S002","S1"
283,3117,329,58,"S002","S1"
317,709,329,59,"S002","S1"
267,1790,327,60,"S002","S1"
250,1880,326,61,"S002","S1"
267,3047,325,62,"S002","S1"
316,650,325,63,"S002","S1"
250,2288,324,64,"S002","S1"
267,3187,323,65,"S002","S1"
266,3203,322,66,"S002","S1"
317,968,322,67,"S002","S1"
267,2298,321,68,"S002","S1"
367,1295,322,69,"S002","S1"
233,1881,321,70,"S002","S1"
317,998,321,71,"S002","S1"
583,163,324,72,"S002","S1"
333,370,324,73,"S002","S1"
300,408,324,74,"S002","S1"
267,1474,323,75,"S002","S1"
267,2105,323,76,"S002","S1"
317,458,322,77,"S002","S1"
284,3415,322,78,"S002","S1"
383,1373,323,79,"S002","S1"
350,1970,323,80,"S002","S1"
250,1865,322,81,"S002","S1"
267,1012,322,82,"S002","S1"
317,525,321,83,"S002","S1"
283,262,321,84,"S002","S1"
267,2370,320,85,"S002","S1"
350,148,321,86,"S002","S1"
300,660,320,87,"S002","S1"
267,2565,320,88,"S002","S1"
250,1355,319,89,"S002","S1"
267,2785,319,90,"S002","S1"
317,1327,318,91,"S002","S1"
300,3224,318,92,"S002","S1"
300,1656,318,93,"S002","S1"
250,1350,317,94,"S002","S1"
250,1953,317,95,"S002","S1"
283,608,316,96,"S002","S1"
267,601,316,97,"S002","S1"
267,1127,315,98,"S002","S1"
333,2807,315,99,"S002","S1"
283,1434,315,100,"S002","S1"
283,3014,315,101,"S002","S1"
283,2107,315,102,"S002","S1"
317,3226,315,103,"S002","S1"
267,2715,314,104,"S002","S1"
283,1888,314,105,"S002","S1"
267,3372,313,106,"S002","S1"
283,2735,313,107,"S002","S1"
367,1249,314,108,"S002","S1"
333,3327,314,109,"S002","S1"
333,347,314,110,"S002","S1"
283,3156,314,111,"S002","S1"
300,1280,314,112,"S002","S1"
250,2496,313,113,"S002","S1"
283,653,313,114,"S002","S1"
267,902,312,115,"S002","S1"
250,835,312,116,"S002","S1"
267,1696,311,117,"S002","S1"
283,521,311,118,"S002","S1"
283,1170,311,119,"S002","S1"
283,987,311,120,"S002","S1"
350,881,350,1,"S002","S2"
250,1483,300,2,"S002","S2"
333,639,311,3,"S002","S2"
283,1325,304,4,"S002","S2"
267,3397,297,5,"S002","S2"
333,2845,303,6,"S002","S2"
267,2184,298,7,"S002","S2"
283,1241,296,8,"S002","S2"
250,3114,291,9,"S002","S2"
400,122,302,10,"S002","S2"
350,173,306,11,"S002","S2"
267,2079,303,12,"S002","S2"
300,309,303,13,"S002","S2"
283,3201,301,14,"S002","S2"
250,1959,298,15,"S002","S2"
267,1088,296,16,"S002","S2"
250,1935,293,17,"S002","S2"
267,1274,292,18,"S002","S2"
300,166,292,19,"S002","S2"
267,866,291,20,"S002","S2"
283,184,291,21,"S002","S2"
317,732,292,22,"S002","S2"
266,554,291,23,"S002","S2"
267,266,290,24,"S002","S2"
283,1810,289,25,"S002","S2"
283,1065,289,26,"S002","S2"
267,2992,288,27,"S002","S2"
283,795,288,28,"S002","S2"
317,281,289,29,"S002","S2"
250,2103,288,30,"S002","S2"
283,1428,288,31,"S002","S2"
267,2362,287,32,"S002","S2"
250,1648,286,33,"S002","S2"
267,1575,285,34,"S002","S2"
267,3233,285,35,"S002","S2"
267,2079,284,36,"S002","S2"
250,3127,283,37,"S002","S2"
317,2466,284,38,"S002","S2"
350,305,286,39,"S002","S2"
250,697,285,40,"S002","S2"
267,635,285,41,"S002","S2"
267,3115,284,42,"S002","S2"
267,628,284,43,"S002","S2"
283,2763,284,44,"S002","S2"
317,825,284,45,"S002","S2"
283,1150,284,46,"S002","S2"
283,684,284,47,"S002","S2"
267,1219,284,48,"S002","S2"
283,225,284,49,"S002","S2"
250,2058,283,50,"S002","S2"
266,831,283,51,"S002","S2"
250,2418,282,52,"S002","S2"
333,266,283,53,"S002","S2"
300,501,284,54,"S002","S2"
266,1843,283,55,"S002","S2"
267,2336,283,56,"S002","S2"
300,1956,283,57,"S002","S2"
317,120,284,58,"S002","S2"
250,2251,283,59,"S002","S2"
267,1888,283,60,"S002","S2"
266,1029,283,61,"S002","S2"
283,2568,283,62,"S002","S2"
283,955,283,63,"S002","S2"
267,1711,283,64,"S002","S2"
266,1677,282,65,"S002","S2"
283,1993,282,66,"S002","S2"
317,105,283,67,"S002","S2"
267,1570,283,68,"S002","S2"
267,1659,282,69,"S002","S2"
283,847,282,70,"S002","S2"
284,2251,282,71,"S002","S2"
267,3412,282,72,"S002","S2"
267,3153,282,73,"S002","S2"
367,479,283,74,"S002","S2"
267,1261,283,75,"S002","S2"
283,1004,283,76,"S002","S2"
250,615,282,77,"S002","S2"
284,1586,282,78,"S002","S2"
284,2027,282,79,"S002","S2"
317,2098,283,80,"S002","S2"
250,2220,283,81,"S002","S2"
250,1963,282,82,"S002","S2"
250,2758,282,83,"S002","S2"
383,643,283,84,"S002","S2"
283,3383,283,85,"S002","S2"
267,2310,283,86,"S002","S2"
283,1102,283,87,"S002","S2"
233,2237,282,88,"S002","S2"
267,2084,282,89,"S002","S2"
333,430,283,90,"S002","S2"
250,2272,282,91,"S002","S2"
233,2246,282,92,"S002","S2"
250,2622,281,93,"S002","S2"
284,2554,281,94,"S002","S2"
317,1073,282,95,"S002","S2"
333,154,282,96,"S002","S2"
267,2792,282,97,"S002","S2"
267,3397,282,98,"S002","S2"
483,2347,284,99,"S002","S2"
283,2080,284,100,"S002","S2"
250,2885,284,101,"S002","S2"
250,2501,283,102,"S002","S2"
283,1535,283,103,"S002","S2"
267,1951,283,104,"S002","S2"
267,1255,283,105,"S002","S2"
250,3114,283,106,"S002","S2"
350,338,283,107,"S002","S2"
267,1553,283,108,"S002","S2"
267,2243,283,109,"S002","S2"
267,3347,283,110,"S002","S2"
267,2169,283,111,"S002","S2"
383,123,284,112,"S002","S2"
283,1549,284,113,"S002","S2"
267,2923,283,114,"S002","S2"
283,2663,283,115,"S002","S2"
250,2954,283,116,"S002","S2"
283,2747,283,117,"S002","S2"
300,1711,283,118,"S002","S2"
250,3460,283,119,"S002","S2"
283,3321,283,120,"S002","S2"
450,1297,450,1,"S001","S1"
467,2543,458,2,"S001","S1"
400,2345,439,3,"S001","S1"
350,3032,417,4,"S001","S1"
300,1414,393,5,"S001","S1"
300,2210,378,6,"S001","S1"
367,978,376,7,"S001","S1"
283,2123,365,8,"S001","S1"
283,3328,356,9,"S001","S1"
317,2503,352,10,"S001","S1"
300,3350,347,11,"S001","S1"
467,586,357,12,"S001","S1"
317,2699,354,13,"S001","S1"
300,3213,350,14,"S001","S1"
333,763,349,15,"S001","S1"
317,1937,347,16,"S001","S1"
334,3346,346,17,"S001","S1"
267,2607,342,18,"S001","S1"
483,228,349,19,"S001","S1"
367,1019,350,20,"S001","S1"
300,2815,348,21,"S001","S1"
300,1134,346,22,"S001","S1"
283,569,343,23,"S001","S1"
267,737,340,24,"S001","S1"
250,3088,336,25,"S001","S1"
367,1123,337,26,"S001","S1"
267,2992,335,27,"S001","S1"
317,2521,334,28,"S001","S1"
283,1557,332,29,"S001","S1"
283,2864,331,30,"S001","S1"
300,2153,330,31,"S001","S1"
283,2363,328,32,"S001","S1"
300,3184,327,33,"S001","S1"
300,593,327,34,"S001","S1"
283,1499,325,35,"S001","S1"
283,2339,324,36,"S001","S1"
350,3154,325,37,"S001","S1"
317,2868,325,38,"S001","S1"
333,680,325,39,"S001","S1"
383,3416,326,40,"S001","S1"
300,1431,326,41,"S001","S1"
300,1222,325,42,"S001","S1"
283,1481,324,43,"S001","S1"
283,2236,323,44,"S001","S1"
283,1474,322,45,"S001","S1"
267,3017,321,46,"S001","S1"
283,3476,320,47,"S001","S1"
400,477,322,48,"S001","S1"
317,1461,322,49,"S001","S1"
300,2249,321,50,"S001","S1"
383,421,323,51,"S001","S1"
283,1289,322,52,"S001","S1"
300,2518,321,53,"S001","S1"
283,2432,321,54,"S001","S1"
266,2805,320,55,"S001","S1"
283,1930,319,56,"S001","S1"
367,912,320,57,"S001","S1"
300,2749,320,58,"S001","S1"
333,2519,320,59,"S001","S1"
317,2185,320,60,"S001","S1"
317,2511,320,61,"S001","S1"
333,2621,320,62,"S001","S1"
333,313,320,63,"S001","S1"
300,2191,320,64,"S001","S1"
317,2741,320,65,"S001","S1"
300,2755,319,66,"S001","S1"
333,1421,320,67,"S001","S1"
450,1510,322,68,"S001","S1"
317,844,322,69,"S001","S1"
317,517,321,70,"S001","S1"
283,3195,321,71,"S001","S1"
350,2426,321,72,"S001","S1"
267,3168,321,73,"S001","S1"
300,2172,320,74,"S001","S1"
333,2367,320,75,"S001","S1"
83,2547,317,76,"S001","S1"
333,929,318,77,"S001","S1"
384,1445,318,78,"S001","S1"
317,1179,318,79,"S001","S1"
300,1081,318,80,"S001","S1"
283,1525,318,81,"S001","S1"
300,2559,317,82,"S001","S1"
317,1549,317,83,"S001","S1"
317,1055,317,84,"S001","S1"
433,302,319,85,"S001","S1"
300,2258,319,86,"S001","S1"
317,1216,319,87,"S001","S1"
283,1857,318,88,"S001","S1"
284,3082,318,89,"S001","S1"
333,689,318,90,"S001","S1"
267,1349,317,91,"S001","S1"
283,1872,317,92,"S001","S1"
283,3125,317,93,"S001","S1"
333,727,317,94,"S001","S1"
300,3202,317,95,"S001","S1"
383,708,317,96,"S001","S1"
450,527,319,97,"S001","S1"
350,374,319,98,"S001","S1"
300,2675,319,99,"S001","S1"
350,111,319,100,"S001","S1"
367,2176,320,101,"S001","S1"
300,610,319,102,"S001","S1"
300,2155,319,103,"S001","S1"
300,628,319,104,"S001","S1"
300,941,319,105,"S001","S1"
267,2149,318,106,"S001","S1"
267,1036,318,107,"S001","S1"
267,1147,317,108,"S001","S1"
267,670,317,109,"S001","S1"
283,1344,317,110,"S001","S1"
300,834,317,111,"S001","S1"
317,551,317,112,"S001","S1"
283,852,316,113,"S001","S1"
333,124,316,114,"S001","S1"
367,323,317,115,"S001","S1"
317,3096,317,116,"S001","S1"
300,1280,317,117,"S001","S1"
300,1547,317,118,"S001","S1"
300,2193,316,119,"S001","S1"
317,448,316,120,"S001","S1"
317,1150,317,1,"S001","S2"
300,557,308,2,"S001","S2"
300,3454,305,3,"S001","S2"
284,3417,300,4,"S001","S2"
300,368,300,5,"S001","S2"
400,498,317,6,"S001","S2"
300,1577,314,7,"S001","S2"
283,2665,310,8,"S001","S2"
283,1668,307,9,"S001","S2"
267,2776,303,10,"S001","S2"
283,1410,302,11,"S001","S2"
267,3065,299,12,"S001","S2"
300,3457,299,13,"S001","S2"
283,2563,298,14,"S001","S2"
300,2980,298,15,"S001","S2"
283,2275,297,16,"S001","S2"
350,774,300,17,"S001","S2"
300,3150,300,18,"S001","S2"
333,538,302,19,"S001","S2"
283,3482,301,20,"S001","S2"
300,1803,301,21,"S001","S2"
300,1928,301,22,"S001","S2"
317,1156,301,23,"S001","S2"
333,1408,303,24,"S001","S2"
317,2551,303,25,"S001","S2"
284,2986,303,26,"S001","S2"
316,710,303,27,"S001","S2"
317,1109,304,28,"S001","S2"
267,2701,302,29,"S001","S2"
283,1993,302,30,"S001","S2"
317,2470,302,31,"S001","S2"
333,794,303,32,"S001","S2"
366,317,305,33,"S001","S2"
317,250,305,34,"S001","S2"
300,200,305,35,"S001","S2"
333,1104,306,36,"S001","S2"
333,123,307,37,"S001","S2"
317,2229,307,38,"S001","S2"
267,2307,306,39,"S001","S2"
367,204,307,40,"S001","S2"
300,2865,307,41,"S001","S2"
267,2825,306,42,"S001","S2"
317,3167,307,43,"S001","S2"
333,376,307,44,"S001","S2"
300,2827,307,45,"S001","S2"
283,2338,307,46,"S001","S2"
417,1227,309,47,"S001","S2"
283,962,308,48,"S001","S2"
400,275,310,49,"S001","S2"
350,1301,311,50,"S001","S2"
300,389,311,51,"S001","S2"
283,3364,310,52,"S001","S2"
333,2504,311,53,"S001","S2"
300,1038,310,54,"S001","S2"
317,1573,311,55,"S001","S2"
283,2185,310,56,"S001","S2"
267,1471,309,57,"S001","S2"
267,3230,309,58,"S001","S2"
283,1557,308,59,"S001","S2"
283,2402,308,60,"S001","S2"
250,2033,307,61,"S001","S2"
333,738,307,62,"S001","S2"
300,2088,307,63,"S001","S2"
267,1835,306,64,"S001","S2"
283,1860,306,65,"S001","S2"
250,3054,305,66,"S001","S2"
250,3235,304,67,"S001","S2"
400,185,306,68,"S001","S2"
250,561,305,69,"S001","S2"
267,809,305,70,"S001","S2"
300,3061,304,71,"S001","S2"
283,1117,304,72,"S001","S2"
284,3031,304,73,"S001","S2"
350,866,305,74,"S001","S2"
267,2166,304,75,"S001","S2"
383,436,305,76,"S001","S2"
317,364,305,77,"S001","S2"
250,2856,304,78,"S001","S2"
300,974,304,79,"S001","S2"
300,1157,304,80,"S001","S2"
350,448,305,81,"S001","S2"
317,934,305,82,"S001","S2"
283,304,305,83,"S001","S2"
467,225,307,84,"S001","S2"
267,1261,306,85,"S001","S2"
367,2655,307,86,"S001","S2"
300,1768,307,87,"S001","S2"
317,1372,307,88,"S001","S2"
316,1552,307,89,"S001","S2"
317,1946,307,90,"S001","S2"
383,3419,308,91,"S001","S2"
317,2630,308,92,"S001","S2"
400,1350,309,93,"S001","S2"
367,438,310,94,"S001","S2"
283,670,309,95,"S001","S2"
333,2203,310,96,"S001","S2"
517,659,312,97,"S001","S2"
367,1572,312,98,"S001","S2"
333,2707,313,99,"S001","S2"
467,303,314,100,"S001","S2"
283,1627,314,101,"S001","S2"
417,534,315,102,"S001","S2"
300,2888,315,103,"S001","S2"
500,382,316,104,"S001","S2"
317,1353,316,105,"S001","S2"
433,130,318,106,"S001","S2"
350,928,318,107,"S001","S2"
367,1535,318,108,"S001","S2"
367,2165,319,109,"S001","S2"
333,1531,319,110,"S001","S2"
300,2173,319,111,"S001","S2"
317,3445,319,112,"S001","S2"
417,1430,320,113,"S001","S2"
383,198,320,114,"S001","S2"
283,1458,320,115,"S001","S2"
400,892,321,116,"S001","S2"
283,2642,320,117,"S001","S2"
383,1840,321,118,"S001","S2"
383,3331,321,119,"S001","S2"
300,1519,321,120,"S001","S2"
517,346,517,1,"S005","S1"
350,2006,433,2,"S005","S1"
350,204,406,3,"S005","S1"
300,929,379,4,"S005","S1"
300,970,363,5,"S005","S1"
283,545,350,6,"S005","S1"
266,1799,338,7,"S005","S1"
300,2725,333,8,"S005","S1"
300,2013,330,9,"S005","S1"
284,2759,325,10,"S005","S1"
317,1366,324,11,"S005","S1"
300,2709,322,12,"S005","S1"
317,1172,322,13,"S005","S1"
350,509,324,14,"S005","S1"
333,2614,324,15,"S005","S1"
316,504,324,16,"S005","S1"
317,1557,323,17,"S005","S1"
300,3287,322,18,"S005","S1"
417,206,327,19,"S005","S1"
300,3108,326,20,"S005","S1"
300,2685,325,21,"S005","S1"
317,2787,324,22,"S005","S1"
283,3247,322,23,"S005","S1"
417,550,326,24,"S005","S1"
317,1406,326,25,"S005","S1"
317,3117,326,26,"S005","S1"
333,2352,326,27,"S005","S1"
333,2951,326,28,"S005","S1"
300,2751,325,29,"S005","S1"
317,791,325,30,"S005","S1"
300,772,324,31,"S005","S1"
317,3404,324,32,"S005","S1"
300,1792,323,33,"S005","S1"
283,1326,322,34,"S005","S1"
300,2627,321,35,"S005","S1"
317,1919,321,36,"S005","S1"
367,619,323,37,"S005","S1"
333,1799,323,38,"S005","S1"
300,2555,322,39,"S005","S1"
283,2329,321,40,"S005","S1"
400,503,323,41,"S005","S1"
300,2927,323,42,"S005","S1"
300,1101,322,43,"S005","S1"
317,1143,322,44,"S005","S1"
333,459,322,45,"S005","S1"
300,1578,322,46,"S005","S1"
333,2299,322,47,"S005","S1"
334,2870,322,48,"S005","S1"
400,245,324,49,"S005","S1"
317,2618,324,50,"S005","S1"
300,925,323,51,"S005","S1"
333,779,323,52,"S005","S1"
300,2585,323,53,"S005","S1"
333,972,323,54,"S005","S1"
350,787,324,55,"S005","S1"
300,2170,323,56,"S005","S1"
300,2614,323,57,"S005","S1"
300,774,322,58,"S005","S1"
300,2625,322,59,"S005","S1"
400,241,323,60,"S005","S1"
350,323,324,61,"S005","S1"
317,831,324,62,"S005","S1"
283,1490,323,63,"S005","S1"
300,1474,323,64,"S005","S1"
283,3305,322,65,"S005","S1"
317,121,322,66,"S005","S1"
333,1721,322,67,"S005","S1"
333,626,322,68,"S005","S1"
333,594,322,69,"S005","S1"
300,3477,322,70,"S005","S1"
284,1136,322,71,"S005","S1"
283,1819,321,72,"S005","S1"
317,2975,321,73,"S005","S1"
300,2643,321,74,"S005","S1"
267,3352,320,75,"S005","S1"
283,1392,320,76,"S005","S1"
317,1353,319,77,"S005","S1"
283,3057,319,78,"S005","S1"
317,1555,319,79,"S005","S1"
300,1695,319,80,"S005","S1"
317,1355,319,81,"S005","S1"
283,3082,318,82,"S005","S1"
283,3233,318,83,"S005","S1"
333,593,318,84,"S005","S1"
300,2626,318,85,"S005","S1"
317,2071,318,86,"S005","S1"
300,2719,318,87,"S005","S1"
317,1291,318,88,"S005","S1"
317,3387,318,89,"S005","S1"
317,1799,318,90,"S005","S1"
417,316,319,91,"S005","S1"
367,187,319,92,"S005","S1"
317,3349,319,93,"S005","S1"
300,3130,319,94,"S005","S1"
317,740,319,95,"S005","S1"
300,3101,319,96,"S005","S1"
350,176,319,97,"S005","S1"
317,1994,319,98,"S005","S1"
417,168,320,99,"S005","S1"
283,1492,320,100,"S005","S1"
317,1540,320,101,"S005","S1"
283,148,319,102,"S005","S1"
283,3196,319,103,"S005","S1"
317,2788,319,104,"S005","S1"
300,2789,319,105,"S005","S1"
350,156,319,106,"S005","S1"
333,688,319,107,"S005","S1"
317,1706,319,108,"S005","S1"
300,2173,319,109,"S005","S1"
317,1746,319,110,"S005","S1"
300,2241,319,111,"S005","S1"
267,3234,318,112,"S005","S1"
350,787,319,113,"S005","S1"
300,1702,318,114,"S005","S1"
350,1566,319,115,"S005","S1"
283,1420,318,116,"S005","S1"
300,2493,318,117,"S005","S1"
316,3016,318,118,"S005","S1"
317,989,318,119,"S005","S1"
317,799,318,120,"S005","S1"
333,2721,333,1,"S005","S2"
317,2117,325,2,"S005","S2"
333,1809,328,3,"S005","S2"
300,1394,321,4,"S005","S2"
283,2649,313,5,"S005","S2"
267,1892,306,6,"S005","S2"
300,2473,305,7,"S005","S2"
367,1541,312,8,"S005","S2"
316,2922,313,9,"S005","S2"
317,3207,313,10,"S005","S2"
350,464,317,11,"S005","S2"
300,1750,315,12,"S005","S2"
317,1205,315,13,"S005","S2"
317,2263,315,14,"S005","S2"
283,3000,313,15,"S005","S2"
333,317,315,16,"S005","S2"
316,1738,315,17,"S005","S2"
284,2208,313,18,"S005","S2"
300,2924,312,19,"S005","S2"
300,2071,312,20,"S005","S2"
367,738,314,21,"S005","S2"
433,104,320,22,"S005","S2"
284,3061,318,23,"S005","S2"
300,1872,317,24,"S005","S2"
333,999,318,25,"S005","S2"
350,1522,319,26,"S005","S2"
300,2227,319,27,"S005","S2"
267,2854,317,28,"S005","S2"
300,3358,316,29,"S005","S2"
317,1073,316,30,"S005","S2"
367,826,318,31,"S005","S2"
300,1694,317,32,"S005","S2"
300,2512,317,33,"S005","S2"
283,3097,316,34,"S005","S2"
283,3267,315,35,"S005","S2"
317,947,315,36,"S005","S2"
350,2586,316,37,"S005","S2"
383,287,318,38,"S005","S2"
300,877,317,39,"S005","S2"
300,2649,317,40,"S005","S2"
317,1099,317,41,"S005","S2"
333,976,317,42,"S005","S2"
317,3479,317,43,"S005","S2"
300,1688,317,44,"S005","S2"
300,2666,316,45,"S005","S2"
300,3469,316,46,"S005","S2"
367,1127,317,47,"S005","S2"
317,999,317,48,"S005","S2"
350,1138,318,49,"S005","S2"
450,548,320,50,"S005","S2"
317,1024,320,51,"S005","S2"
317,2382,320,52,"S005","S2"
317,707,320,53,"S005","S2"
266,3416,319,54,"S005","S2"
300,3156,319,55,"S005","S2"
350,2176,319,56,"S005","S2"
300,3012,319,57,"S005","S2"
333,1616,319,58,"S005","S2"
283,1360,319,59,"S005","S2"
300,1878,318,60,"S005","S2"
350,396,319,61,"S005","S2"
300,818,319,62,"S005","S2"
333,2929,319,63,"S005","S2"
317,3300,319,64,"S005","S2"
283,1835,318,65,"S005","S2"
300,2959,318,66,"S005","S2"
317,1911,318,67,"S005","S2"
333,1432,318,68,"S005","S2"
283,3084,318,69,"S005","S2"
333,2999,318,70,"S005","S2"
317,3164,318,71,"S005","S2"
317,3260,318,72,"S005","S2"
417,2853,319,73,"S005","S2"
300,3480,319,74,"S005","S2"
317,2326,319,75,"S005","S2"
350,1743,319,76,"S005","S2"
400,365,320,77,"S005","S2"
367,236,321,78,"S005","S2"
333,1278,321,79,"S005","S2"
317,1080,321,80,"S005","S2"
316,2419,321,81,"S005","S2"
417,541,322,82,"S005","S2"
300,1913,322,83,"S005","S2"
283,1106,321,84,"S005","S2"
267,3411,321,85,"S005","S2"
283,3074,320,86,"S005","S2"
284,2650,320,87,"S005","S2"
350,1764,320,88,"S005","S2"
317,1646,320,89,"S005","S2"
283,2855,320,90,"S005","S2"
300,2885,320,91,"S005","S2"
316,1529,320,92,"S005","S2"
383,624,320,93,"S005","S2"
400,1043,321,94,"S005","S2"
300,2598,321,95,"S005","S2"
317,2975,321,96,"S005","S2"
383,243,321,97,"S005","S2"
433,1150,323,98,"S005","S2"
350,423,323,99,"S005","S2"
300,1902,323,100,"S005","S2"
317,840,323,101,"S005","S2"
333,920,323,102,"S005","S2"
316,2812,323,103,"S005","S2"
350,1664,323,104,"S005","S2"
316,2529,323,105,"S005","S2"
333,2111,323,106,"S005","S2"
300,3134,323,107,"S005","S2"
300,1699,323,108,"S005","S2"
300,1764,322,109,"S005","S2"
317,3392,322,110,"S005","S2"
300,2709,322,111,"S005","S2"
417,254,323,112,"S005","S2"
367,846,323,113,"S005","S2"
467,839,325,114,"S005","S2"
333,1620,325,115,"S005","S2"
317,1038,325,116,"S005","S2"
333,975,325,117,"S005","S2"
400,338,325,118,"S005","S2"
333,1189,325,119,"S005","S2"
350,441,326,120,"S005","S2"
517,2875,517,1,"S007","S1"
317,1682,417,2,"S007","S1"
283,862,372,3,"S007","S1"
283,2733,350,4,"S007","S1"
267,1160,333,5,"S007","S1"
250,2666,319,6,"S007","S1"
300,3201,317,7,"S007","S1"
350,2717,321,8,"S007","S1"
317,2051,320,9,"S007","S1"
267,1290,315,10,"S007","S1"
283,631,312,11,"S007","S1"
400,1503,319,12,"S007","S1"
350,1433,322,13,"S007","S1"
300,1979,320,14,"S007","S1"
267,797,317,15,"S007","S1"
300,2966,316,16,"S007","S1"
283,1460,314,17,"S007","S1"
267,2323,311,18,"S007","S1"
250,3479,308,19,"S007","S1"
250,2661,305,20,"S007","S1"
300,1482,305,21,"S007","S1"
283,1724,304,22,"S007","S1"
267,3500,302,23,"S007","S1"
283,1042,301,24,"S007","S1"
250,1209,299,25,"S007","S1"
17,1454,288,26,"S007","S1"
317,1716,290,27,"S007","S1"
250,2732,288,28,"S007","S1"
367,158,291,29,"S007","S1"
283,3297,291,30,"S007","S1"
267,2921,290,31,"S007","S1"
317,977,291,32,"S007","S1"
433,312,295,33,"S007","S1"
400,3232,298,34,"S007","S1"
317,663,299,35,"S007","S1"
300,626,299,36,"S007","S1"
383,1875,301,37,"S007","S1"
617,688,309,38,"S007","S1"
300,2808,309,39,"S007","S1"
267,1105,308,40,"S007","S1"
317,616,308,41,"S007","S1"
300,1078,308,42,"S007","S1"
267,1131,307,43,"S007","S1"
250,2249,306,44,"S007","S1"
250,2898,304,45,"S007","S1"
250,2406,303,46,"S007","S1"
283,3369,303,47,"S007","S1"
450,133,306,48,"S007","S1"
283,2325,305,49,"S007","S1"
283,3443,305,50,"S007","S1"
283,1714,305,51,"S007","S1"
267,1286,304,52,"S007","S1"
283,265,303,53,"S007","S1"
300,2507,303,54,"S007","S1"
300,2314,303,55,"S007","S1"
267,3371,303,56,"S007","S1"
316,1966,303,57,"S007","S1"
283,1081,303,58,"S007","S1"
317,2551,303,59,"S007","S1"
333,3121,303,60,"S007","S1"
317,1051,304,61,"S007","S1"
300,3041,303,62,"S007","S1"
333,1404,304,63,"S007","S1"
550,1232,308,64,"S007","S1"
300,1197,308,65,"S007","S1"
283,2427,307,66,"S007","S1"
300,1053,307,67,"S007","S1"
300,567,307,68,"S007","S1"
250,1753,306,69,"S007","S1"
250,2455,305,70,"S007","S1"
283,2728,305,71,"S007","S1"
350,119,306,72,"S007","S1"
333,1031,306,73,"S007","S1"
283,2779,306,74,"S007","S1"
300,1663,306,75,"S007","S1"
283,3429,305,76,"S007","S1"
400,225,307,77,"S007","S1"
283,1861,306,78,"S007","S1"
317,3012,307,79,"S007","S1"
267,1935,306,80,"S007","S1"
283,953,306,81,"S007","S1"
283,267,305,82,"S007","S1"
267,2389,305,83,"S007","S1"
250,1939,304,84,"S007","S1"
283,620,304,85,"S007","S1"
250,1628,303,86,"S007","S1"
233,1142,303,87,"S007","S1"
300,839,303,88,"S007","S1"
383,146,304,89,"S007","S1"
300,1675,304,90,"S007","S1"
233,1947,303,91,"S007","S1"
300,2837,303,92,"S007","S1"
300,2360,303,93,"S007","S1"
383,1088,304,94,"S007","S1"
250,3467,303,95,"S007","S1"
267,1327,303,96,"S007","S1"
267,2885,302,97,"S007","S1"
317,472,302,98,"S007","S1"
317,705,303,99,"S007","S1"
300,327,303,100,"S007","S1"
267,2097,302,101,"S007","S1"
267,2519,302,102,"S007","S1"
267,1552,301,103,"S007","S1"
250,1894,301,104,"S007","S1"
267,2991,301,105,"S007","S1"
300,1818,301,106,"S007","S1"
300,665,301,107,"S007","S1"
283,3200,300,108,"S007","S1"
317,1593,301,109,"S007","S1"
450,708,302,110,"S007","S1"
317,1267,302,111,"S007","S1"
283,3257,302,112,"S007","S1"
283,2150,302,113,"S007","S1"
283,1643,302,114,"S007","S1"
300,407,302,115,"S007","S1"
267,1282,301,116,"S007","S1"
300,2560,301,117,"S007","S1"
300,1182,301,118,"S007","S1"
267,1944,301,119,"S007","S1"
367,2554,302,120,"S007","S1"
317,1487,317,1,"S007","S2"
267,3030,292,2,"S007","S2"
316,677,300,3,"S007","S2"
250,2322,287,4,"S007","S2"
267,1777,283,5,"S007","S2"
250,726,278,6,"S007","S2"
283,3030,279,7,"S007","S2"
350,127,287,8,"S007","S2"
333,708,293,9,"S007","S2"
283,293,292,10,"S007","S2"
283,3106,291,11,"S007","S2"
267,1649,289,12,"S007","S2"
267,2614,287,13,"S007","S2"
317,392,289,14,"S007","S2"
333,1224,292,15,"S007","S2"
250,2670,290,16,"S007","S2"
350,210,293,17,"S007","S2"
250,2740,291,18,"S007","S2"
250,2134,289,19,"S007","S2"
300,772,289,20,"S007","S2"
283,2008,289,21,"S007","S2"
283,896,289,22,"S007","S2"
283,2237,288,23,"S007","S2"
283,1190,288,24,"S007","S2"
283,1436,288,25,"S007","S2"
283,2243,288,26,"S007","S2"
266,3407,287,27,"S007","S2"
300,360,287,28,"S007","S2"
284,1414,287,29,"S007","S2"
267,1425,287,30,"S007","S2"
267,2081,286,31,"S007","S2"
266,3056,285,32,"S007","S2"
333,775,287,33,"S007","S2"
300,2411,287,34,"S007","S2"
400,595,290,35,"S007","S2"
300,665,291,36,"S007","S2"
300,3029,291,37,"S007","S2"
267,2943,290,38,"S007","S2"
283,2182,290,39,"S007","S2"
550,300,297,40,"S007","S2"
300,1334,297,41,"S007","S2"
317,3282,297,42,"S007","S2"
267,2756,297,43,"S007","S2"
900,2362,310,44,"S007","S2"
283,3064,310,45,"S007","S2"
283,931,309,46,"S007","S2"
267,2375,308,47,"S007","S2"
300,849,308,48,"S007","S2"
267,920,307,49,"S007","S2"
267,3249,306,50,"S007","S2"
250,2824,305,51,"S007","S2"
300,730,305,52,"S007","S2"
267,2558,304,53,"S007","S2"
300,326,304,54,"S007","S2"
283,732,304,55,"S007","S2"
250,3198,303,56,"S007","S2"
317,1286,303,57,"S007","S2"
350,349,304,58,"S007","S2"
283,1313,304,59,"S007","S2"
317,2792,304,60,"S007","S2"
267,2638,303,61,"S007","S2"
300,2991,303,62,"S007","S2"
317,3316,303,63,"S007","S2"
283,3192,303,64,"S007","S2"
283,1427,303,65,"S007","S2"
300,352,303,66,"S007","S2"
367,2755,304,67,"S007","S2"
333,1343,304,68,"S007","S2"
350,127,305,69,"S007","S2"
383,2683,306,70,"S007","S2"
317,3121,306,71,"S007","S2"
316,335,306,72,"S007","S2"
434,1153,308,73,"S007","S2"
283,1371,308,74,"S007","S2"
283,389,307,75,"S007","S2"
300,186,307,76,"S007","S2"
266,1181,307,77,"S007","S2"
250,1211,306,78,"S007","S2"
250,1485,305,79,"S007","S2"
267,2520,305,80,"S007","S2"
300,609,305,81,"S007","S2"
267,875,304,82,"S007","S2"
267,2958,304,83,"S007","S2"
317,3196,304,84,"S007","S2"
433,587,305,85,"S007","S2"
284,1652,305,86,"S007","S2"
267,1938,305,87,"S007","S2"
300,172,305,88,"S007","S2"
300,3276,305,89,"S007","S2"
283,1941,304,90,"S007","S2"
267,2774,304,91,"S007","S2"
317,1390,304,92,"S007","S2"
333,153,304,93,"S007","S2"
283,3303,304,94,"S007","S2"
300,457,304,95,"S007","S2"
300,3386,304,96,"S007","S2"
300,635,304,97,"S007","S2"
333,2999,304,98,"S007","S2"
317,3423,305,99,"S007","S2"
317,3500,305,100,"S007","S2"
267,3015,304,101,"S007","S2"
300,2317,304,102,"S007","S2"
283,1911,304,103,"S007","S2"
267,1458,304,104,"S007","S2"
267,1041,303,105,"S007","S2"
250,844,303,106,"S007","S2"
300,748,303,107,"S007","S2"
284,1305,303,108,"S007","S2"
267,1596,302,109,"S007","S2"
267,3085,302,110,"S007","S2"
267,3491,302,111,"S007","S2"
317,1186,302,112,"S007","S2"
317,3261,302,113,"S007","S2"
283,2318,302,114,"S007","S2"
267,3213,301,115,"S007","S2"
283,1896,301,116,"S007","S2"
267,3105,301,117,"S007","S2"
367,979,302,118,"S007","S2"
350,3278,302,119,"S007","S2"
300,1158,302,120,"S007","S2"
350,3207,350,1,"S003","S1"
333,1297,342,2,"S003","S1"
300,1985,328,3,"S003","S1"
283,2730,317,4,"S003","S1"
283,1305,310,5,"S003","S1"
267,2926,303,6,"S003","S1"
267,1315,298,7,"S003","S1"
383,3399,308,8,"S003","S1"
333,784,311,9,"S003","S1"
350,1187,315,10,"S003","S1"
667,1088,347,11,"S003","S1"
917,1631,394,12,"S003","S1"
284,3461,386,13,"S003","S1"
300,3138,380,14,"S003","S1"
400,1310,381,15,"S003","S1"
350,2062,379,16,"S003","S1"
400,220,380,17,"S003","S1"
350,1335,379,18,"S003","S1"
333,1125,376,19,"S003","S1"
483,2560,382,20,"S003","S1"
1150,2651,418,21,"S003","S1"
450,556,420,22,"S003","S1"
300,915,414,23,"S003","S1"
283,3209,409,24,"S003","S1"
333,939,406,25,"S003","S1"
300,1592,402,26,"S003","S1"
334,310,399,27,"S003","S1"
283,254,395,28,"S003","S1"
267,130,391,29,"S003","S1"
283,2457,387,30,"S003","S1"
267,202,383,31,"S003","S1"
284,356,380,32,"S003","S1"
283,2322,377,33,"S003","S1"
300,1061,375,34,"S003","S1"
350,3024,374,35,"S003","S1"
417,490,375,36,"S003","S1"
283,922,373,37,"S003","S1"
317,904,372,38,"S003","S1"
300,1575,370,39,"S003","S1"
317,630,368,40,"S003","S1"
250,2521,365,41,"S003","S1"
283,3496,363,42,"S003","S1"
283,1672,362,43,"S003","S1"
300,2674,360,44,"S003","S1"
317,3010,359,45,"S003","S1"
300,2714,358,46,"S003","S1"
350,473,358,47,"S003","S1"
317,653,357,48,"S003","S1"
333,2360,356,49,"S003","S1"
300,690,355,50,"S003","S1"
267,255,354,51,"S003","S1"
283,2392,352,52,"S003","S1"
283,708,351,53,"S003","S1"
317,2780,350,54,"S003","S1"
317,2916,350,55,"S003","S1"
317,2729,349,56,"S003","S1"
367,300,349,57,"S003","S1"
283,3381,348,58,"S003","S1"
283,1411,347,59,"S003","S1"
333,221,347,60,"S003","S1"
300,2908,346,61,"S003","S1"
300,666,345,62,"S003","S1"
333,758,345,63,"S003","S1"
300,1276,345,64,"S003","S1"
317,128,344,65,"S003","S1"
317,220,344,66,"S003","S1"
300,722,343,67,"S003","S1"
283,1883,342,68,"S003","S1"
317,2114,342,69,"S003","S1"
367,210,342,70,"S003","S1"
333,3073,342,71,"S003","S1"
333,1469,342,72,"S003","S1"
300,3151,341,73,"S003","S1"
283,2393,341,74,"S003","S1"
317,2789,340,75,"S003","S1"
333,2742,340,76,"S003","S1"
383,1136,341,77,"S003","S1"
283,1361,340,78,"S003","S1"
300,648,339,79,"S003","S1"
300,2368,339,80,"S003","S1"
317,1344,339,81,"S003","S1"
350,3276,339,82,"S003","S1"
300,2253,338,83,"S003","S1"
283,2855,338,84,"S003","S1"
283,428,337,85,"S003","S1"
300,1087,337,86,"S003","S1"
267,1183,336,87,"S003","S1"
317,1191,336,88,"S003","S1"
283,1086,335,89,"S003","S1"
300,3191,335,90,"S003","S1"
317,3273,334,91,"S003","S1"
350,3012,335,92,"S003","S1"
317,1023,334,93,"S003","S1"
317,104,334,94,"S003","S1"
317,2358,334,95,"S003","S1"
333,3457,334,96,"S003","S1"
400,3491,335,97,"S003","S1"
367,3439,335,98,"S003","S1"
383,356,336,99,"S003","S1"
300,224,335,100,"S003","S1"
333,2016,335,101,"S003","S1"
300,3493,335,102,"S003","S1"
300,1348,334,103,"S003","S1"
334,604,334,104,"S003","S1"
350,1076,335,105,"S003","S1"
317,2649,334,106,"S003","S1"
283,1961,334,107,"S003","S1"
283,1234,333,108,"S003","S1"
300,2176,333,109,"S003","S1"
367,1970,333,110,"S003","S1"
317,1505,333,111,"S003","S1"
317,201,333,112,"S003","S1"
317,214,333,113,"S003","S1"
317,2886,333,114,"S003","S1"
317,2673,333,115,"S003","S1"
283,3021,332,116,"S003","S1"
300,2750,332,117,"S003","S1"
300,1439,332,118,"S003","S1"
367,3387,332,119,"S003","S1"
333,778,332,120,"S003","S1"
317,2000,317,1,"S003","S2"
283,457,300,2,"S003","S2"
300,3211,300,3,"S003","S2"
333,445,308,4,"S003","S2"
283,1898,303,5,"S003","S2"
284,1844,300,6,"S003","S2"
300,728,300,7,"S003","S2"
283,3323,298,8,"S003","S2"
317,2745,300,9,"S003","S2"
283,2582,298,10,"S003","S2"
283,3439,297,11,"S003","S2"
283,1146,296,12,"S003","S2"
300,3402,296,13,"S003","S2"
284,2365,295,14,"S003","S2"
283,1739,294,15,"S003","S2"
316,2220,296,16,"S003","S2"
317,289,297,17,"S003","S2"
283,775,296,18,"S003","S2"
300,1798,296,19,"S003","S2"
266,1943,295,20,"S003","S2"
283,723,294,21,"S003","S2"
300,2994,295,22,"S003","S2"
283,1950,294,23,"S003","S2"
283,309,294,24,"S003","S2"
283,1743,293,25,"S003","S2"
267,3389,292,26,"S003","S2"
417,1105,297,27,"S003","S2"
283,2659,296,28,"S003","S2"
317,3425,297,29,"S003","S2"
350,1791,299,30,"S003","S2"
300,2553,299,31,"S003","S2"
317,3215,299,32,"S003","S2"
383,855,302,33,"S003","S2"
283,1353,301,34,"S003","S2"
283,2818,301,35,"S003","S2"
283,578,300,36,"S003","S2"
350,2651,302,37,"S003","S2"
283,1655,301,38,"S003","S2"
317,3119,302,39,"S003","S2"
333,3500,303,40,"S003","S2"
517,146,308,41,"S003","S2"
333,2567,308,42,"S003","S2"
366,195,310,43,"S003","S2"
300,1704,309,44,"S003","S2"
283,1192,309,45,"S003","S2"
283,2678,308,46,"S003","S2"
300,1886,308,47,"S003","S2"
283,1328,308,48,"S003","S2"
267,2405,307,49,"S003","S2"
250,2628,306,50,"S003","S2"
300,797,306,51,"S003","S2"
283,1699,305,52,"S003","S2"
283,1858,305,53,"S003","S2"
333,491,305,54,"S003","S2"
300,900,305,55,"S003","S2"
283,1769,305,56,"S003","S2"
300,1321,305,57,"S003","S2"
283,2605,304,58,"S003","S2"
300,3070,304,59,"S003","S2"
367,1378,305,60,"S003","S2"
317,1752,305,61,"S003","S2"
300,1104,305,62,"S003","S2"
283,3303,305,63,"S003","S2"
283,2322,305,64,"S003","S2"
317,1434,305,65,"S003","S2"
300,1526,305,66,"S003","S2"
283,1164,304,67,"S003","S2"
333,3183,305,68,"S003","S2"
400,471,306,69,"S003","S2"
317,1661,306,70,"S003","S2"
283,2236,306,71,"S003","S2"
333,1503,306,72,"S003","S2"
317,925,307,73,"S003","S2"
300,977,307,74,"S003","S2"
300,1446,306,75,"S003","S2"
267,2028,306,76,"S003","S2"
350,227,306,77,"S003","S2"
300,2195,306,78,"S003","S2"
300,612,306,79,"S003","S2"
317,2069,306,80,"S003","S2"
317,730,307,81,"S003","S2"
300,1540,306,82,"S003","S2"
283,2624,306,83,"S003","S2"
317,1180,306,84,"S003","S2"
267,1898,306,85,"S003","S2"
300,2196,306,86,"S003","S2"
267,2505,305,87,"S003","S2"
300,582,305,88,"S003","S2"
283,1643,305,89,"S003","S2"
267,1082,305,90,"S003","S2"
333,615,305,91,"S003","S2"
283,3399,305,92,"S003","S2"
283,2347,304,93,"S003","S2"
300,1735,304,94,"S003","S2"
300,861,304,95,"S003","S2"
283,1477,304,96,"S003","S2"
284,2828,304,97,"S003","S2"
283,1426,304,98,"S003","S2"
383,101,305,99,"S003","S2"
300,1351,304,100,"S003","S2"
267,3486,304,101,"S003","S2"
300,3451,304,102,"S003","S2"
300,2456,304,103,"S003","S2"
283,2964,304,104,"S003","S2"
383,3221,305,105,"S003","S2"
317,2589,305,106,"S003","S2"
367,3354,305,107,"S003","S2"
317,892,305,108,"S003","S2"
533,273,307,109,"S003","S2"
300,2062,307,110,"S003","S2"
317,2923,308,111,"S003","S2"
283,2748,307,112,"S003","S2"
283,2412,307,113,"S003","S2"
383,3429,308,114,"S003","S2"
300,1915,308,115,"S003","S2"
350,1492,308,116,"S003","S2"
367,1156,309,117,"S003","S2"
300,3237,308,118,"S003","S2"
383,353,309,119,"S003","S2"
300,3063,309,120,"S003","S2"
350,3459,350,1,"S004","S1"
350,545,350,2,"S004","S1"
283,1875,328,3,"S004","S1"
500,217,371,4,"S004","S1"
267,2333,350,5,"S004","S1"
283,1828,339,6,"S004","S1"
400,212,348,7,"S004","S1"
333,3487,346,8,"S004","S1"
283,2064,339,9,"S004","S1"
300,476,335,10,"S004","S1"
250,1043,327,11,"S004","S1"
300,322,325,12,"S004","S1"
267,3316,321,13,"S004","S1"
267,122,317,14,"S004","S1"
250,740,312,15,"S004","S1"
250,654,308,16,"S004","S1"
267,2294,306,17,"S004","S1"
267,2974,304,18,"S004","S1"
367,279,307,19,"S004","S1"
250,1284,304,20,"S004","S1"
283,2851,303,21,"S004","S1"
267,3410,301,22,"S004","S1"
250,2937,299,23,"S004","S1"
316,101,300,24,"S004","S1"
300,1769,300,25,"S004","S1"
250,1857,298,26,"S004","S1"
250,1882,296,27,"S004","S1"
233,1913,294,28,"S004","S1"
250,2933,292,29,"S004","S1"
250,2672,291,30,"S004","S1"
316,661,292,31,"S004","S1"
266,1613,291,32,"S004","S1"
267,480,290,33,"S004","S1"
250,2019,289,34,"S004","S1"
267,1384,289,35,"S004","S1"
267,3457,288,36,"S004","S1"
233,2194,286,37,"S004","S1"
250,3198,285,38,"S004","S1"
267,1633,285,39,"S004","S1"
267,394,285,40,"S004","S1"
283,329,285,41,"S004","S1"
250,1686,284,42,"S004","S1"
250,1627,283,43,"S004","S1"
267,2115,283,44,"S004","S1"
267,2480,282,45,"S004","S1"
283,356,282,46,"S004","S1"
250,3368,282,47,"S004","S1"
283,1487,282,48,"S004","S1"
233,2561,281,49,"S004","S1"
300,634,281,50,"S004","S1"
500,355,285,51,"S004","S1"
300,1061,286,52,"S004","S1"
267,2104,285,53,"S004","S1"
267,2926,285,54,"S004","S1"
250,3386,284,55,"S004","S1"
267,3365,284,56,"S004","S1"
300,2507,284,57,"S004","S1"
283,839,284,58,"S004","S1"
267,2951,284,59,"S004","S1"
283,1943,284,60,"S004","S1"
283,2310,284,61,"S004","S1"
300,1378,284,62,"S004","S1"
267,3000,284,63,"S004","S1"
267,3458,284,64,"S004","S1"
317,1564,284,65,"S004","S1"
267,3235,284,66,"S004","S1"
250,3137,283,67,"S004","S1"
250,1673,283,68,"S004","S1"
283,2275,283,69,"S004","S1"
267,1557,283,70,"S004","S1"
250,1320,282,71,"S004","S1"
267,3036,282,72,"S004","S1"
300,1114,282,73,"S004","S1"
300,1049,282,74,"S004","S1"
250,2460,282,75,"S004","S1"
267,1643,282,76,"S004","S1"
250,1783,281,77,"S004","S1"
350,176,282,78,"S004","S1"
267,1357,282,79,"S004","S1"
250,1865,282,80,"S004","S1"
317,383,282,81,"S004","S1"
267,3441,282,82,"S004","S1"
267,1580,282,83,"S004","S1"
300,1689,282,84,"S004","S1"
283,1461,282,85,"S004","S1"
367,304,283,86,"S004","S1"
283,3236,283,87,"S004","S1"
267,1049,283,88,"S004","S1"
317,1860,283,89,"S004","S1"
316,640,283,90,"S004","S1"
267,2799,283,91,"S004","S1"
266,3367,283,92,"S004","S1"
367,848,284,93,"S004","S1"
267,1943,284,94,"S004","S1"
267,2368,284,95,"S004","S1"
283,650,284,96,"S004","S1"
250,2397,283,97,"S004","S1"
250,1542,283,98,"S004","S1"
283,979,283,99,"S004","S1"
283,642,283,100,"S004","S1"
267,1852,283,101,"S004","S1"
283,1373,283,102,"S004","S1"
250,2341,282,103,"S004","S1"
250,3489,282,104,"S004","S1"
317,2937,283,105,"S004","S1"
267,1134,282,106,"S004","S1"
317,2012,283,107,"S004","S1"
250,2864,282,108,"S004","S1"
367,1407,283,109,"S004","S1"
250,2294,283,110,"S004","S1"
250,2860,283,111,"S004","S1"
267,3056,282,112,"S004","S1"
350,589,283,113,"S004","S1"
250,2471,283,114,"S004","S1"
266,3120,283,115,"S004","S1"
333,619,283,116,"S004","S1"
283,3132,283,117,"S004","S1"
250,1806,283,118,"S004","S1"
283,1798,283,119,"S004","S1"
233,1505,282,120,"S004","S1"
333,1257,333,1,"S004","S2"
283,1353,308,2,"S004","S2"
267,767,294,3,"S004","S2"
250,262,283,4,"S004","S2"
250,1211,277,5,"S004","S2"
267,3281,275,6,"S004","S2"
233,972,269,7,"S004","S2"
250,1989,267,8,"S004","S2"
250,3051,265,9,"S004","S2"
317,271,270,10,"S004","S2"
233,2145,267,11,"S004","S2"
250,1001,265,12,"S004","S2"
250,2670,264,13,"S004","S2"
283,1291,265,14,"S004","S2"
267,1161,265,15,"S004","S2"
250,2556,265,16,"S004","S2"
267,210,265,17,"S004","S2"
333,455,268,18,"S004","S2"
283,1321,269,19,"S004","S2"
233,795,267,20,"S004","S2"
300,1470,269,21,"S004","S2"
250,2500,268,22,"S004","S2"
300,3202,270,23,"S004","S2"
233,2174,268,24,"S004","S2"
266,3128,268,25,"S004","S2"
317,718,270,26,"S004","S2"
250,2899,269,27,"S004","S2"
300,1371,270,28,"S004","S2"
267,2005,270,29,"S004","S2"
283,2416,271,30,"S004","S2"
350,641,273,31,"S004","S2"
50,318,266,32,"S004","S2"
250,1134,266,33,"S004","S2"
283,862,266,34,"S004","S2"
250,621,266,35,"S004","S2"
234,571,265,36,"S004","S2"
250,2411,264,37,"S004","S2"
234,2634,264,38,"S004","S2"
250,1291,263,39,"S004","S2"
250,1322,263,40,"S004","S2"
300,134,264,41,"S004","S2"
283,1972,264,42,"S004","S2"
233,2864,264,43,"S004","S2"
233,2077,263,44,"S004","S2"
250,2079,263,45,"S004","S2"
233,3217,262,46,"S004","S2"
250,2947,262,47,"S004","S2"
250,2587,261,48,"S004","S2"
267,3453,262,49,"S004","S2"
250,3050,261,50,"S004","S2"
267,1888,261,51,"S004","S2"
267,1227,262,52,"S004","S2"
367,234,264,53,"S004","S2"
283,3388,264,54,"S004","S2"
250,3058,264,55,"S004","S2"
300,612,264,56,"S004","S2"
250,2709,264,57,"S004","S2"
300,641,265,58,"S004","S2"
1150,2703,280,59,"S004","S2"
267,2522,279,60,"S004","S2"
267,3389,279,61,"S004","S2"
300,524,280,62,"S004","S2"
283,436,280,63,"S004","S2"
300,639,280,64,"S004","S2"
317,3408,280,65,"S004","S2"
250,3089,280,66,"S004","S2"
267,1750,280,67,"S004","S2"
250,3402,279,68,"S004","S2"
367,1055,281,69,"S004","S2"
233,3130,280,70,"S004","S2"
250,2763,280,71,"S004","S2"
250,2681,279,72,"S004","S2"
233,2924,279,73,"S004","S2"
283,1955,279,74,"S004","S2"
317,1187,279,75,"S004","S2"
267,1080,279,76,"S004","S2"
250,2945,279,77,"S004","S2"
250,1960,278,78,"S004","S2"
267,1060,278,79,"S004","S2"
233,2895,277,80,"S004","S2"
267,1527,277,81,"S004","S2"
250,1392,277,82,"S004","S2"
250,2184,277,83,"S004","S2"
300,323,277,84,"S004","S2"
250,2445,277,85,"S004","S2"
267,3170,277,86,"S004","S2"
283,1335,277,87,"S004","S2"
250,3104,276,88,"S004","S2"
283,1090,276,89,"S004","S2"
250,1215,276,90,"S004","S2"
250,2836,276,91,"S004","S2"
250,1549,276,92,"S004","S2"
317,949,276,93,"S004","S2"
267,3365,276,94,"S004","S2"
250,2800,276,95,"S004","S2"
300,1110,276,96,"S004","S2"
483,558,278,97,"S004","S2"
283,1116,278,98,"S004","S2"
233,3464,278,99,"S004","S2"
250,2995,277,100,"S004","S2"
250,2692,277,101,"S004","S2"
367,310,278,102,"S004","S2"
233,2649,277,103,"S004","S2"
283,1964,278,104,"S004","S2"
250,2252,277,105,"S004","S2"
266,3440,277,106,"S004","S2"
283,1125,277,107,"S004","S2"
233,2701,277,108,"S004","S2"
317,1132,277,109,"S004","S2"
334,358,278,110,"S004","S2"
283,1148,278,111,"S004","S2"
283,1321,278,112,"S004","S2"
283,2060,278,113,"S004","S2"
283,1726,278,114,"S004","S2"
267,2810,278,115,"S004","S2"
267,2579,278,116,"S004","S2"
283,1743,278,117,"S004","S2"
300,2988,278,118,"S004","S2"
350,568,279,119,"S004","S2"
333,666,279,120,"S004","S2"
950,953,950,1,"S006","S1"
283,1667,617,2,"S006","S1"
333,2542,522,3,"S006","S1"
283,3328,463,4,"S006","S1"
300,1969,430,5,"S006","S1"
350,3124,417,6,"S006","S1"
266,2917,395,7,"S006","S1"
283,2443,381,8,"S006","S1"
433,120,387,9,"S006","S1"
300,787,378,10,"S006","S1"
300,2111,371,11,"S006","S1"
300,296,365,12,"S006","S1"
283,2597,359,13,"S006","S1"
283,2145,354,14,"S006","S1"
283,1152,349,15,"S006","S1"
266,1759,344,16,"S006","S1"
267,959,339,17,"S006","S1"
300,2553,337,18,"S006","S1"
300,726,335,19,"S006","S1"
284,2724,332,20,"S006","S1"
350,2965,333,21,"S006","S1"
367,748,335,22,"S006","S1"
367,3424,336,23,"S006","S1"
367,2909,337,24,"S006","S1"
350,441,338,25,"S006","S1"
350,2320,338,26,"S006","S1"
283,795,336,27,"S006","S1"
300,709,335,28,"S006","S1"
283,2336,333,29,"S006","S1"
283,1633,332,30,"S006","S1"
283,481,330,31,"S006","S1"
300,800,329,32,"S006","S1"
283,1717,328,33,"S006","S1"
317,3245,327,34,"S006","S1"
267,439,326,35,"S006","S1"
317,1147,325,36,"S006","S1"
317,2785,325,37,"S006","S1"
283,810,324,38,"S006","S1"
250,3223,322,39,"S006","S1"
267,2867,321,40,"S006","S1"
350,996,322,41,"S006","S1"
333,1489,322,42,"S006","S1"
333,189,322,43,"S006","S1"
317,932,322,44,"S006","S1"
350,2696,323,45,"S006","S1"
300,3035,322,46,"S006","S1"
317,2171,322,47,"S006","S1"
317,2365,322,48,"S006","S1"
400,899,323,49,"S006","S1"
483,2095,327,50,"S006","S1"
417,360,328,51,"S006","S1"
367,2101,329,52,"S006","S1"
433,1934,331,53,"S006","S1"
350,2438,331,54,"S006","S1"
317,1474,331,55,"S006","S1"
300,2988,331,56,"S006","S1"
300,879,330,57,"S006","S1"
300,889,330,58,"S006","S1"
467,3400,332,59,"S006","S1"
317,1441,332,60,"S006","S1"
316,1084,331,61,"S006","S1"
267,2663,330,62,"S006","S1"
617,2506,335,63,"S006","S1"
283,3432,334,64,"S006","S1"
284,1557,333,65,"S006","S1"
333,405,333,66,"S006","S1"
333,2668,333,67,"S006","S1"
283,2299,333,68,"S006","S1"
317,2403,332,69,"S006","S1"
283,1663,332,70,"S006","S1"
333,2230,332,71,"S006","S1"
300,2511,331,72,"S006","S1"
317,3038,331,73,"S006","S1"
350,2183,331,74,"S006","S1"
383,2755,332,75,"S006","S1"
383,3287,333,76,"S006","S1"
350,2548,333,77,"S006","S1"
4084,2281,381,78,"S006","S1"
317,2267,380,79,"S006","S1"
283,1823,379,80,"S006","S1"
316,784,378,81,"S006","S1"
267,1779,377,82,"S006","S1"
300,306,376,83,"S006","S1"
267,1031,375,84,"S006","S1"
333,2568,374,85,"S006","S1"
383,1238,374,86,"S006","S1"
283,2643,373,87,"S006","S1"
317,205,373,88,"S006","S1"
350,1106,372,89,"S006","S1"
350,1559,372,90,"S006","S1"
316,3313,371,91,"S006","S1"
283,1203,370,92,"S006","S1"
383,859,371,93,"S006","S1"
300,2577,370,94,"S006","S1"
300,2275,369,95,"S006","S1"
350,1998,369,96,"S006","S1"
383,235,369,97,"S006","S1"
300,3393,368,98,"S006","S1"
317,2275,368,99,"S006","S1"
333,3341,367,100,"S006","S1"
350,917,367,101,"S006","S1"
300,1419,367,102,"S006","S1"
317,3010,366,103,"S006","S1"
300,582,366,104,"S006","S1"
283,1709,365,105,"S006","S1"
300,3316,364,106,"S006","S1"
300,1825,364,107,"S006","S1"
333,1678,363,108,"S006","S1"
350,2405,363,109,"S006","S1"
300,3443,363,110,"S006","S1"
333,2723,362,111,"S006","S1"
400,333,363,112,"S006","S1"
300,497,362,113,"S006","S1"
317,2319,362,114,"S006","S1"
300,2002,361,115,"S006","S1"
300,1047,361,116,"S006","S1"
317,3453,360,117,"S006","S1"
350,2657,360,118,"S006","S1"
467,2546,361,119,"S006","S1"
283,2991,360,120,"S006","S1"
400,1864,400,1,"S006","S2"
367,663,384,2,"S006","S2"
333,2970,367,3,"S006","S2"
350,552,363,4,"S006","S2"
300,546,350,5,"S006","S2"
366,2668,353,6,"S006","S2"
500,2486,374,7,"S006","S2"
334,2277,369,8,"S006","S2"
367,501,369,9,"S006","S2"
316,2851,363,10,"S006","S2"
350,1220,362,11,"S006","S2"
300,1492,357,12,"S006","S2"
350,2293,356,13,"S006","S2"
400,1891,360,14,"S006","S2"
433,494,364,15,"S006","S2"
267,2432,358,16,"S006","S2"
283,781,354,17,"S006","S2"
250,2794,348,18,"S006","S2"
250,3197,343,19,"S006","S2"
300,662,341,20,"S006","S2"
317,2756,340,21,"S006","S2"
333,3064,339,22,"S006","S2"
366,1022,341,23,"S006","S2"
300,1966,339,24,"S006","S2"
433,2751,343,25,"S006","S2"
400,1600,345,26,"S006","S2"
350,2404,345,27,"S006","S2"
317,2439,344,28,"S006","S2"
300,1834,343,29,"S006","S2"
300,829,341,30,"S006","S2"
300,3359,340,31,"S006","S2"
383,254,341,32,"S006","S2"
317,3307,340,33,"S006","S2"
483,219,345,34,"S006","S2"
316,3307,344,35,"S006","S2"
316,337,343,36,"S006","S2"
367,2623,344,37,"S006","S2"
283,2213,342,38,"S006","S2"
250,1980,340,39,"S006","S2"
334,1530,340,40,"S006","S2"
300,664,339,41,"S006","S2"
283,3234,337,42,"S006","S2"
350,855,338,43,"S006","S2"
283,2835,336,44,"S006","S2"
267,3192,335,45,"S006","S2"
283,3260,334,46,"S006","S2"
484,3258,337,47,"S006","S2"
317,1193,336,48,"S006","S2"
300,1371,336,49,"S006","S2"
267,2270,334,50,"S006","S2"
283,3084,333,51,"S006","S2"
367,815,334,52,"S006","S2"
300,3078,333,53,"S006","S2"
300,2265,333,54,"S006","S2"
383,343,334,55,"S006","S2"
333,816,334,56,"S006","S2"
333,1808,334,57,"S006","S2"
267,3207,332,58,"S006","S2"
300,3282,332,59,"S006","S2"
333,2710,332,60,"S006","S2"
383,249,333,61,"S006","S2"
317,1177,333,62,"S006","S2"
383,1424,333,63,"S006","S2"
350,1770,334,64,"S006","S2"
300,1891,333,65,"S006","S2"
333,413,333,66,"S006","S2"
284,1011,332,67,"S006","S2"
267,3202,331,68,"S006","S2"
317,1399,331,69,"S006","S2"
317,1104,331,70,"S006","S2"
267,3389,330,71,"S006","S2"
300,1536,330,72,"S006","S2"
283,2544,329,73,"S006","S2"
367,557,330,74,"S006","S2"
367,2420,330,75,"S006","S2"
317,2352,330,76,"S006","S2"
300,2515,329,77,"S006","S2"
300,1372,329,78,"S006","S2"
350,3424,329,79,"S006","S2"
283,2465,329,80,"S006","S2"
283,3010,328,81,"S006","S2"
333,1488,328,82,"S006","S2"
283,2049,328,83,"S006","S2"
284,2084,327,84,"S006","S2"
283,2552,327,85,"S006","S2"
383,218,327,86,"S006","S2"
284,1669,327,87,"S006","S2"
267,2204,326,88,"S006","S2"
300,2847,326,89,"S006","S2"
300,1314,326,90,"S006","S2"
283,2238,325,91,"S006","S2"
267,3238,324,92,"S006","S2"
333,175,325,93,"S006","S2"
350,182,325,94,"S006","S2"
433,391,326,95,"S006","S2"
367,3354,326,96,"S006","S2"
300,3323,326,97,"S006","S2"
450,1772,327,98,"S006","S2"
350,2294,328,99,"S006","S2"
300,3032,327,100,"S006","S2"
317,3029,327,101,"S006","S2"
350,2613,327,102,"S006","S2"
300,2199,327,103,"S006","S2"
283,2856,327,104,"S006","S2"
266,3048,326,105,"S006","S2"
317,691,326,106,"S006","S2"
300,1435,326,107,"S006","S2"
300,908,326,108,"S006","S2"
317,852,326,109,"S006","S2"
333,510,326,110,"S006","S2"
400,212,326,111,"S006","S2"
317,593,326,112,"S006","S2"
267,2808,326,113,"S006","S2"
267,811,325,114,"S006","S2"
283,1490,325,115,"S006","S2"
300,2620,325,116,"S006","S2"
333,252,325,117,"S006","S2"
300,2027,324,118,"S006","S2"
233,2227,324,119,"S006","S2"
317,830,324,120,"S006","S2"
700,1863,700,1,"S008","S1"
334,2446,517,2,"S008","S1"
317,2117,450,3,"S008","S1"
250,2959,400,4,"S008","S1"
267,2449,373,5,"S008","S1"
350,1241,369,6,"S008","S1"
250,1640,352,7,"S008","S1"
333,476,350,8,"S008","S1"
283,2354,343,9,"S008","S1"
267,1437,335,10,"S008","S1"
250,2328,327,11,"S008","S1"
350,384,329,12,"S008","S1"
266,2446,324,13,"S008","S1"
367,3257,327,14,"S008","S1"
367,1281,330,15,"S008","S1"
266,2444,326,16,"S008","S1"
350,263,327,17,"S008","S1"
317,256,327,18,"S008","S1"
250,2164,323,19,"S008","S1"
267,1724,320,20,"S008","S1"
283,1578,318,21,"S008","S1"
250,963,315,22,"S008","S1"
233,1384,312,23,"S008","S1"
300,663,311,24,"S008","S1"
433,1446,316,25,"S008","S1"
383,1782,319,26,"S008","S1"
267,2168,317,27,"S008","S1"
267,700,315,28,"S008","S1"
267,2804,313,29,"S008","S1"
283,2106,312,30,"S008","S1"
250,2386,310,31,"S008","S1"
300,2408,310,32,"S008","S1"
267,3486,309,33,"S008","S1"
317,1047,309,34,"S008","S1"
317,2837,309,35,"S008","S1"
367,582,311,36,"S008","S1"
333,865,311,37,"S008","S1"
267,1536,310,38,"S008","S1"
300,402,310,39,"S008","S1"
267,393,309,40,"S008","S1"
283,578,308,41,"S008","S1"
267,1236,307,42,"S008","S1"
250,1923,306,43,"S008","S1"
267,2256,305,44,"S008","S1"
283,3439,304,45,"S008","S1"
350,634,305,46,"S008","S1"
267,2356,305,47,"S008","S1"
283,773,304,48,"S008","S1"
317,3458,304,49,"S008","S1"
283,2490,304,50,"S008","S1"
267,1419,303,51,"S008","S1"
267,434,303,52,"S008","S1"
300,799,303,53,"S008","S1"
266,1011,302,54,"S008","S1"
300,2852,302,55,"S008","S1"
267,2605,301,56,"S008","S1"
250,3060,300,57,"S008","S1"
333,2586,301,58,"S008","S1"
483,1493,304,59,"S008","S1"
283,2619,304,60,"S008","S1"
283,1978,303,61,"S008","S1"
333,837,304,62,"S008","S1"
267,2209,303,63,"S008","S1"
267,2950,303,64,"S008","S1"
317,812,303,65,"S008","S1"
283,2949,303,66,"S008","S1"
300,2033,302,67,"S008","S1"
284,3202,302,68,"S008","S1"
333,2537,303,69,"S008","S1"
433,620,305,70,"S008","S1"
350,1114,305,71,"S008","S1"
250,3313,304,72,"S008","S1"
317,542,305,73,"S008","S1"
300,1413,304,74,"S008","S1"
283,1508,304,75,"S008","S1"
267,2919,304,76,"S008","S1"
350,558,304,77,"S008","S1"
333,1450,305,78,"S008","S1"
317,1090,305,79,"S008","S1"
250,3221,304,80,"S008","S1"
317,2950,304,81,"S008","S1"
267,1342,304,82,"S008","S1"
333,419,304,83,"S008","S1"
317,1598,304,84,"S008","S1"
350,1204,305,85,"S008","S1"
283,2810,305,86,"S008","S1"
466,193,307,87,"S008","S1"
250,1807,306,88,"S008","S1"
317,2940,306,89,"S008","S1"
250,3377,305,90,"S008","S1"
267,3458,305,91,"S008","S1"
233,3229,304,92,"S008","S1"
317,838,304,93,"S008","S1"
450,1127,306,94,"S008","S1"
283,1053,306,95,"S008","S1"
300,139,306,96,"S008","S1"
283,330,305,97,"S008","S1"
267,3276,305,98,"S008","S1"
316,2281,305,99,"S008","S1"
384,784,306,100,"S008","S1"
300,1707,306,101,"S008","S1"
333,1928,306,102,"S008","S1"
383,1233,307,103,"S008","S1"
317,947,307,104,"S008","S1"
267,1476,307,105,"S008","S1"
267,2061,306,106,"S008","S1"
317,2915,306,107,"S008","S1"
333,1598,306,108,"S008","S1"
383,577,307,109,"S008","S1"
267,2384,307,110,"S008","S1"
250,2826,306,111,"S008","S1"
417,1739,307,112,"S008","S1"
250,2334,307,113,"S008","S1"
350,112,307,114,"S008","S1"
283,2229,307,115,"S008","S1"
283,331,307,116,"S008","S1"
267,2266,306,117,"S008","S1"
333,3098,307,118,"S008","S1"
300,1941,307,119,"S008","S1"
317,1463,307,120,"S008","S1"
367,1152,367,1,"S008","S2"
366,3171,367,2,"S008","S2"
283,2111,339,3,"S008","S2"
233,3164,312,4,"S008","S2"
350,2611,320,5,"S008","S2"
300,2176,317,6,"S008","S2"
367,145,324,7,"S008","S2"
283,2482,319,8,"S008","S2"
333,3103,320,9,"S008","S2"
317,2017,320,10,"S008","S2"
300,856,318,11,"S008","S2"
283,3354,315,12,"S008","S2"
300,1680,314,13,"S008","S2"
383,3172,319,14,"S008","S2"
317,2027,319,15,"S008","S2"
267,2371,316,16,"S008","S2"
383,868,320,17,"S008","S2"
267,3408,317,18,"S008","S2"
350,1870,318,19,"S008","S2"
317,927,318,20,"S008","S2"
283,2394,317,21,"S008","S2"
283,2025,315,22,"S008","S2"
300,1185,314,23,"S008","S2"
300,392,314,24,"S008","S2"
333,187,315,25,"S008","S2"
233,2626,312,26,"S008","S2"
283,1564,310,27,"S008","S2"
250,2414,308,28,"S008","S2"
250,2788,306,29,"S008","S2"
250,2167,304,30,"S008","S2"
250,1908,303,31,"S008","S2"
367,705,305,32,"S008","S2"
350,1214,306,33,"S008","S2"
266,1649,305,34,"S008","S2"
317,749,305,35,"S008","S2"
533,302,312,36,"S008","S2"
267,2095,310,37,"S008","S2"
317,2446,310,38,"S008","S2"
367,160,312,39,"S008","S2"
267,3461,311,40,"S008","S2"
350,2426,312,41,"S008","S2"
417,506,314,42,"S008","S2"
283,2334,314,43,"S008","S2"
283,806,313,44,"S008","S2"
267,2933,312,45,"S008","S2"
283,1574,311,46,"S008","S2"
300,763,311,47,"S008","S2"
317,696,311,48,"S008","S2"
250,2313,310,49,"S008","S2"
267,1616,309,50,"S008","S2"
250,1643,308,51,"S008","S2"
333,1942,308,52,"S008","S2"
350,1458,309,53,"S008","S2"
383,632,310,54,"S008","S2"
283,1232,310,55,"S008","S2"
350,154,311,56,"S008","S2"
250,2823,310,57,"S008","S2"
300,2203,309,58,"S008","S2"
267,2792,309,59,"S008","S2"
400,1574,310,60,"S008","S2"
267,1975,310,61,"S008","S2"
367,535,310,62,"S008","S2"
350,1077,311,63,"S008","S2"
433,623,313,64,"S008","S2"
250,2764,312,65,"S008","S2"
317,2431,312,66,"S008","S2"
333,1151,312,67,"S008","S2"
367,937,313,68,"S008","S2"
433,149,315,69,"S008","S2"
284,983,315,70,"S008","S2"
267,2053,314,71,"S008","S2"
250,2471,313,72,"S008","S2"
284,1821,313,73,"S008","S2"
350,521,313,74,"S008","S2"
233,2795,312,75,"S008","S2"
383,151,313,76,"S008","S2"
317,1476,313,77,"S008","S2"
267,2002,312,78,"S008","S2"
250,1753,312,79,"S008","S2"
283,3268,311,80,"S008","S2"
267,3043,311,81,"S008","S2"
300,488,311,82,"S008","S2"
266,2927,310,83,"S008","S2"
283,2102,310,84,"S008","S2"
250,2159,309,85,"S008","S2"
350,1003,309,86,"S008","S2"
267,3045,309,87,"S008","S2"
300,2780,309,88,"S008","S2"
317,1775,309,89,"S008","S2"
267,2606,309,90,"S008","S2"
300,1462,308,91,"S008","S2"
300,871,308,92,"S008","S2"
233,2654,308,93,"S008","S2"
250,2848,307,94,"S008","S2"
383,1744,308,95,"S008","S2"
383,399,308,96,"S008","S2"
317,347,309,97,"S008","S2"
267,2892,308,98,"S008","S2"
250,1950,308,99,"S008","S2"
250,2039,307,100,"S008","S2"
267,3261,307,101,"S008","S2"
350,585,307,102,"S008","S2"
233,2381,306,103,"S008","S2"
267,2659,306,104,"S008","S2"
350,1476,306,105,"S008","S2"
383,110,307,106,"S008","S2"
300,296,307,107,"S008","S2"
267,3447,307,108,"S008","S2"
233,2340,306,109,"S008","S2"
283,1571,306,110,"S008","S2"
250,2202,305,111,"S008","S2"
317,1183,305,112,"S008","S2"
433,247,306,113,"S008","S2"
283,1485,306,114,"S008","S2"
267,827,306,115,"S008","S2"
267,1515,306,116,"S008","S2"
333,320,306,117,"S008","S2"
267,3417,305,118,"S008","S2"
317,1989,306,119,"S008","S2"
267,2949,305,120,"S008","S2"
